"departure_time","departure_station","arrival_time","arrival_station","duration_raw","duration_min_clean","price","train_company","departure_date","scrapping_date","scrapping_web"
"6:15","Madrid","8:48","Alicante",153,153,25,"AVLO","2025-03-15","2025-03-14","Trainline"
"7:00","Madrid","9:35","Alicante",155,155,25.65,"AVE","2025-03-15","2025-03-14","Trainline"
"7:45","Madrid","10:10","Alicante",145,145,23.13,"Iryo","2025-03-15","2025-03-14","Trainline"
"9:00","Madrid","11:29","Alicante",149,149,51.3,"AVE","2025-03-15","2025-03-14","Trainline"
"10:15","Madrid","12:37","Alicante",142,142,35,"Ouigo","2025-03-15","2025-03-14","Trainline"
"11:00","Madrid","13:30","Alicante",150,150,59.85,"AVE","2025-03-15","2025-03-14","Trainline"
"11:45","Madrid","14:43","Alicante",178,178,40.7,"Alvia","2025-03-15","2025-03-14","Trainline"
"12:00","Madrid","14:28","Alicante",148,148,68.4,"AVE","2025-03-15","2025-03-14","Trainline"
"14:15","Madrid","16:44","Alicante",149,149,33,"Ouigo","2025-03-15","2025-03-14","Trainline"
"14:25","Madrid","16:52","Alicante",147,147,51.3,"AVE","2025-03-15","2025-03-14","Trainline"
"16:00","Madrid","18:34","Alicante",154,154,34.2,"AVE","2025-03-15","2025-03-14","Trainline"
"17:00","Madrid","19:34","Alicante",154,154,35,"AVLO","2025-03-15","2025-03-14","Trainline"
"18:00","Madrid","20:24","Alicante",144,144,34.2,"AVE","2025-03-15","2025-03-14","Trainline"
"19:00","Madrid","21:28","Alicante",148,148,42.75,"AVE","2025-03-15","2025-03-14","Trainline"
"20:00","Madrid","22:56","Alicante",176,176,35.05,"Alvia","2025-03-15","2025-03-14","Trainline"
"20:15","Madrid","22:39","Alicante",144,144,22,"Ouigo","2025-03-15","2025-03-14","Trainline"
"6:30","Madrid","9:21","Barcelona",171,171,39,"AVLO","2025-03-15","2025-03-14","Trainline"
"7:05","Madrid","9:50","Barcelona",165,165,59,"Ouigo","2025-03-15","2025-03-14","Trainline"
"8:25","Madrid","11:10","Barcelona",165,165,66.98,"Iryo","2025-03-15","2025-03-14","Trainline"
"9:15","Madrid","12:00","Barcelona",165,165,52.31,"Iryo","2025-03-15","2025-03-14","Trainline"
"10:00","Madrid","12:45","Barcelona",165,165,53.15,"Iryo","2025-03-15","2025-03-14","Trainline"
"10:05","Madrid","13:00","Barcelona",175,175,45,"Ouigo","2025-03-15","2025-03-14","Trainline"
"10:30","Madrid","13:15","Barcelona",165,165,55,"AVLO","2025-03-15","2025-03-14","Trainline"
"11:25","Madrid","14:10","Barcelona",165,165,51.43,"Iryo","2025-03-15","2025-03-14","Trainline"
"11:30","Madrid","14:42","Barcelona",192,192,40.2,"AVE","2025-03-15","2025-03-14","Trainline"
"12:25","Madrid","15:10","Barcelona",165,165,50.86,"Iryo","2025-03-15","2025-03-14","Trainline"
"14:15","Madrid","16:45","Barcelona",150,150,39,"Ouigo","2025-03-15","2025-03-14","Trainline"
"14:45","Madrid","17:37","Barcelona",172,172,52.06,"Iryo","2025-03-15","2025-03-14","Trainline"
"16:40","Madrid","19:10","Barcelona",150,150,52.12,"Iryo","2025-03-15","2025-03-14","Trainline"
"17:20","Madrid","19:50","Barcelona",150,150,39,"Ouigo","2025-03-15","2025-03-14","Trainline"
"19:25","Madrid","22:10","Barcelona",165,165,53.68,"Iryo","2025-03-15","2025-03-14","Trainline"
"19:30","Madrid","22:44","Barcelona",194,194,49,"AVLO","2025-03-15","2025-03-14","Trainline"
"20:25","Madrid","23:10","Barcelona",165,165,51.67,"Iryo","2025-03-15","2025-03-14","Trainline"
"6:30","Madrid","7:52","Zaragoza",82,82,25,"AVLO","2025-03-15","2025-03-14","Trainline"
"7:05","Madrid","8:20","Zaragoza",75,75,39,"Ouigo","2025-03-15","2025-03-14","Trainline"
"7:30","Madrid","8:51","Zaragoza",81,81,44.65,"AVE","2025-03-15","2025-03-14","Trainline"
"9:15","Madrid","10:30","Zaragoza",75,75,52.79,"Iryo","2025-03-15","2025-03-14","Trainline"
"9:15","Madrid","13:25","Zaragoza",250,250,29.55,"Alvia","2025-03-15","2025-03-14","Trainline"
"9:30","Madrid","10:46","Zaragoza",76,76,37.2,"AVE","2025-03-15","2025-03-14","Trainline"
"10:00","Madrid","11:17","Zaragoza",77,77,53.9,"Iryo","2025-03-15","2025-03-14","Trainline"
"10:05","Madrid","11:22","Zaragoza",77,77,35,"Ouigo","2025-03-15","2025-03-14","Trainline"
"10:30","Madrid","11:47","Zaragoza",77,77,39,"AVLO","2025-03-15","2025-03-14","Trainline"
"11:25","Madrid","12:40","Zaragoza",75,75,51.74,"Iryo","2025-03-15","2025-03-14","Trainline"
"11:30","Madrid","12:51","Zaragoza",81,81,29.75,"AVE","2025-03-15","2025-03-14","Trainline"
"12:25","Madrid","13:40","Zaragoza",75,75,51.33,"Iryo","2025-03-15","2025-03-14","Trainline"
"12:30","Madrid","13:45","Zaragoza",75,75,29.75,"AVE","2025-03-15","2025-03-14","Trainline"
"14:45","Madrid","16:02","Zaragoza",77,77,51.8,"Iryo","2025-03-15","2025-03-14","Trainline"
"16:00","Madrid","20:39","Zaragoza",279,279,25.75,"Alvia","2025-03-15","2025-03-14","Trainline"
"17:30","Madrid","18:51","Zaragoza",81,81,39,"AVLO","2025-03-15","2025-03-14","Trainline"
"18:53","Madrid","20:30","Zaragoza",97,97,44.65,"AVE","2025-03-15","2025-03-14","Trainline"
"19:25","Madrid","20:40","Zaragoza",75,75,53.69,"Iryo","2025-03-15","2025-03-14","Trainline"
"6:15","Madrid","8:48","Alicante",153,153,19,"AVLO","2025-03-21","2025-03-14","Trainline"
"7:00","Madrid","9:35","Alicante",155,155,34.2,"AVE","2025-03-21","2025-03-14","Trainline"
"9:00","Madrid","11:29","Alicante",149,149,51.3,"AVE","2025-03-21","2025-03-14","Trainline"
"9:45","Madrid","12:10","Alicante",145,145,25.65,"AVE","2025-03-21","2025-03-14","Trainline"
"10:15","Madrid","12:37","Alicante",142,142,25,"Ouigo","2025-03-21","2025-03-14","Trainline"
"11:00","Madrid","13:30","Alicante",150,150,59.85,"AVE","2025-03-21","2025-03-14","Trainline"
"11:45","Madrid","14:43","Alicante",178,178,47.45,"Alvia","2025-03-21","2025-03-14","Trainline"
"14:00","Madrid","16:28","Alicante",148,148,51.3,"AVE","2025-03-21","2025-03-14","Trainline"
"14:15","Madrid","16:44","Alicante",149,149,35,"Ouigo","2025-03-21","2025-03-14","Trainline"
"15:00","Madrid","17:17","Alicante",137,137,51.3,"AVE","2025-03-21","2025-03-14","Trainline"
"16:00","Madrid","18:34","Alicante",154,154,76.95,"AVE","2025-03-21","2025-03-14","Trainline"
"16:45","Madrid","19:10","Alicante",145,145,46.65,"Iryo","2025-03-21","2025-03-14","Trainline"
"17:00","Madrid","19:34","Alicante",154,154,55,"AVLO","2025-03-21","2025-03-14","Trainline"
"18:00","Madrid","20:24","Alicante",144,144,59.85,"AVE","2025-03-21","2025-03-14","Trainline"
"19:00","Madrid","21:28","Alicante",148,148,59.85,"AVE","2025-03-21","2025-03-14","Trainline"
"19:45","Madrid","22:20","Alicante",155,155,51.3,"AVE","2025-03-21","2025-03-14","Trainline"
"20:00","Madrid","22:56","Alicante",176,176,49.05,"Alvia","2025-03-21","2025-03-14","Trainline"
"20:15","Madrid","22:39","Alicante",144,144,35,"Ouigo","2025-03-21","2025-03-14","Trainline"
"6:30","Madrid","9:21","Barcelona",171,171,39,"AVLO","2025-03-21","2025-03-14","Trainline"
"6:40","Madrid","9:10","Barcelona",150,150,40.91,"Iryo","2025-03-21","2025-03-14","Trainline"
"7:00","Madrid","9:30","Barcelona",150,150,47.45,"AVE","2025-03-21","2025-03-14","Trainline"
"7:05","Madrid","9:50","Barcelona",165,165,42,"Ouigo","2025-03-21","2025-03-14","Trainline"
"7:25","Madrid","9:55","Barcelona",150,150,46.33,"Iryo","2025-03-21","2025-03-14","Trainline"
"7:29","Madrid","16:37","Barcelona",548,548,43.25,"Alvia","2025-03-21","2025-03-14","Trainline"
"7:30","Madrid","10:42","Barcelona",192,192,68.95,"AVE","2025-03-21","2025-03-14","Trainline"
"8:35","Madrid","11:05","Barcelona",150,150,59.31,"Iryo","2025-03-21","2025-03-14","Trainline"
"9:00","Madrid","11:37","Barcelona",157,157,67.8,"AVE","2025-03-21","2025-03-14","Trainline"
"9:15","Madrid","12:00","Barcelona",165,165,55.7,"Iryo","2025-03-21","2025-03-14","Trainline"
"9:30","Madrid","12:37","Barcelona",187,187,91.9,"AVE","2025-03-21","2025-03-14","Trainline"
"10:00","Madrid","12:45","Barcelona",165,165,56.82,"Iryo","2025-03-21","2025-03-14","Trainline"
"10:05","Madrid","13:00","Barcelona",175,175,55,"Ouigo","2025-03-21","2025-03-14","Trainline"
"10:30","Madrid","13:15","Barcelona",165,165,55,"AVLO","2025-03-21","2025-03-14","Trainline"
"11:25","Madrid","14:10","Barcelona",165,165,60.41,"Iryo","2025-03-21","2025-03-14","Trainline"
"11:30","Madrid","14:42","Barcelona",192,192,80.45,"AVE","2025-03-21","2025-03-14","Trainline"
"12:25","Madrid","15:10","Barcelona",165,165,61.76,"Iryo","2025-03-21","2025-03-14","Trainline"
"12:30","Madrid","15:40","Barcelona",190,190,80.45,"AVE","2025-03-21","2025-03-14","Trainline"
"13:00","Madrid","15:30","Barcelona",150,150,67.8,"AVE","2025-03-21","2025-03-14","Trainline"
"13:25","Madrid","16:22","Barcelona",177,177,68.95,"Alvia","2025-03-21","2025-03-14","Trainline"
"14:00","Madrid","16:30","Barcelona",150,150,67.8,"AVE","2025-03-21","2025-03-14","Trainline"
"14:05","Madrid","16:50","Barcelona",165,165,65.22,"Iryo","2025-03-21","2025-03-14","Trainline"
"14:15","Madrid","16:45","Barcelona",150,150,59,"Ouigo","2025-03-21","2025-03-14","Trainline"
"14:30","Madrid","17:20","Barcelona",170,170,103.4,"AVE","2025-03-21","2025-03-14","Trainline"
"15:00","Madrid","17:30","Barcelona",150,150,81.35,"AVE","2025-03-21","2025-03-14","Trainline"
"15:30","Madrid","18:42","Barcelona",192,192,69,"AVLO","2025-03-21","2025-03-14","Trainline"
"16:00","Madrid","18:30","Barcelona",150,150,81.35,"AVE","2025-03-21","2025-03-14","Trainline"
"16:30","Madrid","19:15","Barcelona",165,165,137.9,"AVE","2025-03-21","2025-03-14","Trainline"
"16:40","Madrid","19:10","Barcelona",150,150,82.39,"Iryo","2025-03-21","2025-03-14","Trainline"
"17:00","Madrid","19:30","Barcelona",150,150,81.35,"AVE","2025-03-21","2025-03-14","Trainline"
"17:20","Madrid","19:50","Barcelona",150,150,65,"Ouigo","2025-03-21","2025-03-14","Trainline"
"17:25","Madrid","20:10","Barcelona",165,165,77.44,"Iryo","2025-03-21","2025-03-14","Trainline"
"18:00","Madrid","20:30","Barcelona",150,150,81.35,"AVE","2025-03-21","2025-03-14","Trainline"
"18:30","Madrid","21:20","Barcelona",170,170,80.45,"AVE","2025-03-21","2025-03-14","Trainline"
"18:35","Madrid","21:05","Barcelona",150,150,72.5,"Iryo","2025-03-21","2025-03-14","Trainline"
"19:00","Madrid","21:30","Barcelona",150,150,81.35,"AVE","2025-03-21","2025-03-14","Trainline"
"6:30","Madrid","7:52","Zaragoza",82,82,59,"AVLO","2025-03-21","2025-03-14","Trainline"
"7:05","Madrid","8:20","Zaragoza",75,75,25,"Ouigo","2025-03-21","2025-03-14","Trainline"
"7:29","Madrid","11:19","Zaragoza",230,230,29.55,"Alvia","2025-03-21","2025-03-14","Trainline"
"7:30","Madrid","8:51","Zaragoza",81,81,44.65,"AVE","2025-03-21","2025-03-14","Trainline"
"9:15","Madrid","10:30","Zaragoza",75,75,55.66,"Iryo","2025-03-21","2025-03-14","Trainline"
"9:30","Madrid","10:46","Zaragoza",76,76,66.95,"AVE","2025-03-21","2025-03-14","Trainline"
"10:00","Madrid","11:17","Zaragoza",77,77,57.25,"Iryo","2025-03-21","2025-03-14","Trainline"
"10:05","Madrid","11:22","Zaragoza",77,77,39,"Ouigo","2025-03-21","2025-03-14","Trainline"
"10:30","Madrid","11:47","Zaragoza",77,77,55,"AVLO","2025-03-21","2025-03-14","Trainline"
"11:25","Madrid","12:40","Zaragoza",75,75,60.25,"Iryo","2025-03-21","2025-03-14","Trainline"
"12:25","Madrid","13:40","Zaragoza",75,75,62.38,"Iryo","2025-03-21","2025-03-14","Trainline"
"12:30","Madrid","13:45","Zaragoza",75,75,59.5,"AVE","2025-03-21","2025-03-14","Trainline"
"14:05","Madrid","15:22","Zaragoza",77,77,64.74,"Iryo","2025-03-21","2025-03-14","Trainline"
"14:30","Madrid","15:51","Zaragoza",81,81,74.4,"AVE","2025-03-21","2025-03-14","Trainline"
"15:30","Madrid","16:51","Zaragoza",81,81,89,"AVLO","2025-03-21","2025-03-14","Trainline"
"16:00","Madrid","20:39","Zaragoza",279,279,25.75,"Alvia","2025-03-21","2025-03-14","Trainline"
"16:05","Madrid","17:26","Zaragoza",81,81,66.95,"AVE","2025-03-21","2025-03-14","Trainline"
"16:30","Madrid","17:45","Zaragoza",75,75,66.95,"AVE","2025-03-21","2025-03-14","Trainline"
"17:25","Madrid","18:40","Zaragoza",75,75,77.14,"Iryo","2025-03-21","2025-03-14","Trainline"
"18:30","Madrid","19:45","Zaragoza",75,75,59.5,"AVE","2025-03-21","2025-03-14","Trainline"
"18:53","Madrid","20:30","Zaragoza",97,97,66.95,"AVE","2025-03-21","2025-03-14","Trainline"
"19:30","Madrid","20:55","Zaragoza",85,85,79,"AVLO","2025-03-21","2025-03-14","Trainline"
"20:25","Madrid","21:41","Zaragoza",76,76,59.6,"Iryo","2025-03-21","2025-03-14","Trainline"
"20:30","Madrid","21:57","Zaragoza",87,87,59.5,"AVE","2025-03-21","2025-03-14","Trainline"
"21:00","Madrid","22:15","Zaragoza",75,75,49,"Ouigo","2025-03-21","2025-03-14","Trainline"
"11:45","Madrid","14:43","Alicante",178,178,47.45,"Alvia","2025-03-28","2025-03-14","Trainline"
"6:22","Madrid","8:59","Barcelona",157,157,34.72,"Iryo","2025-03-28","2025-03-14","Trainline"
"6:27","Madrid","9:25","Barcelona",178,178,25,"AVLO","2025-03-28","2025-03-14","Trainline"
"7:02","Madrid","9:54","Barcelona",172,172,35,"Ouigo","2025-03-28","2025-03-14","Trainline"
"7:22","Madrid","9:59","Barcelona",157,157,42.41,"Iryo","2025-03-28","2025-03-14","Trainline"
"7:29","Madrid","16:37","Barcelona",548,548,43.25,"Alvia","2025-03-28","2025-03-14","Trainline"
"7:57","Madrid","10:34","Barcelona",157,157,47.45,"AVE","2025-03-28","2025-03-14","Trainline"
"8:32","Madrid","11:09","Barcelona",157,157,42.37,"Iryo","2025-03-28","2025-03-14","Trainline"
"9:22","Madrid","12:14","Barcelona",172,172,75.91,"Iryo","2025-03-28","2025-03-14","Trainline"
"9:57","Madrid","12:49","Barcelona",172,172,45.41,"Iryo","2025-03-28","2025-03-14","Trainline"
"10:02","Madrid","13:04","Barcelona",182,182,45,"Ouigo","2025-03-28","2025-03-14","Trainline"
"10:27","Madrid","13:19","Barcelona",172,172,55,"AVLO","2025-03-28","2025-03-14","Trainline"
"11:22","Madrid","14:14","Barcelona",172,172,54.53,"Iryo","2025-03-28","2025-03-14","Trainline"
"11:27","Madrid","14:46","Barcelona",199,199,68.95,"AVE","2025-03-28","2025-03-14","Trainline"
"12:22","Madrid","15:14","Barcelona",172,172,60.48,"Iryo","2025-03-28","2025-03-14","Trainline"
"12:27","Madrid","15:44","Barcelona",197,197,68.95,"AVE","2025-03-28","2025-03-14","Trainline"
"13:18","Madrid","16:22","Barcelona",184,184,68.95,"Alvia","2025-03-28","2025-03-14","Trainline"
"13:57","Madrid","16:34","Barcelona",157,157,67.8,"AVE","2025-03-28","2025-03-14","Trainline"
"14:02","Madrid","16:54","Barcelona",172,172,66.43,"Iryo","2025-03-28","2025-03-14","Trainline"
"14:12","Madrid","16:49","Barcelona",157,157,55,"Ouigo","2025-03-28","2025-03-14","Trainline"
"14:42","Madrid","17:41","Barcelona",179,179,53.42,"Iryo","2025-03-28","2025-03-14","Trainline"
"15:27","Madrid","18:46","Barcelona",199,199,69,"AVLO","2025-03-28","2025-03-14","Trainline"
"15:57","Madrid","18:34","Barcelona",157,157,94.9,"AVE","2025-03-28","2025-03-14","Trainline"
"16:27","Madrid","19:19","Barcelona",172,172,80.45,"AVE","2025-03-28","2025-03-14","Trainline"
"16:37","Madrid","19:14","Barcelona",157,157,78.65,"Iryo","2025-03-28","2025-03-14","Trainline"
"16:57","Madrid","19:34","Barcelona",157,157,81.35,"AVE","2025-03-28","2025-03-14","Trainline"
"17:17","Madrid","19:54","Barcelona",157,157,65,"Ouigo","2025-03-28","2025-03-14","Trainline"
"17:22","Madrid","20:14","Barcelona",172,172,95.41,"Iryo","2025-03-28","2025-03-14","Trainline"
"17:27","Madrid","20:46","Barcelona",199,199,91.9,"AVE","2025-03-28","2025-03-14","Trainline"
"18:27","Madrid","21:24","Barcelona",177,177,91.9,"AVE","2025-03-28","2025-03-14","Trainline"
"18:32","Madrid","21:09","Barcelona",157,157,82.86,"Iryo","2025-03-28","2025-03-14","Trainline"
"6:27","Madrid","7:52","Zaragoza",85,85,59,"AVLO","2025-03-28","2025-03-14","Trainline"
"7:02","Madrid","8:20","Zaragoza",78,78,29,"Ouigo","2025-03-28","2025-03-14","Trainline"
"7:27","Madrid","8:51","Zaragoza",84,84,44.65,"AVE","2025-03-28","2025-03-14","Trainline"
"7:29","Madrid","11:19","Zaragoza",230,230,29.55,"Alvia","2025-03-28","2025-03-14","Trainline"
"9:22","Madrid","10:40","Zaragoza",78,78,75.21,"Iryo","2025-03-28","2025-03-14","Trainline"
"9:27","Madrid","10:46","Zaragoza",79,79,74.4,"AVE","2025-03-28","2025-03-14","Trainline"
"9:57","Madrid","11:17","Zaragoza",80,80,45.82,"Iryo","2025-03-28","2025-03-14","Trainline"
"10:02","Madrid","11:22","Zaragoza",80,80,42,"Ouigo","2025-03-28","2025-03-14","Trainline"
"10:27","Madrid","11:47","Zaragoza",80,80,55,"AVLO","2025-03-28","2025-03-14","Trainline"
"11:22","Madrid","12:40","Zaragoza",78,78,55.1,"Iryo","2025-03-28","2025-03-14","Trainline"
"12:22","Madrid","13:40","Zaragoza",78,78,59.7,"Iryo","2025-03-28","2025-03-14","Trainline"
"12:27","Madrid","13:45","Zaragoza",78,78,52.1,"AVE","2025-03-28","2025-03-14","Trainline"
"14:02","Madrid","15:22","Zaragoza",80,80,67.02,"Iryo","2025-03-28","2025-03-14","Trainline"
"14:27","Madrid","15:51","Zaragoza",84,84,74.4,"AVE","2025-03-28","2025-03-14","Trainline"
"14:42","Madrid","16:02","Zaragoza",80,80,54.29,"Iryo","2025-03-28","2025-03-14","Trainline"
"15:27","Madrid","16:51","Zaragoza",84,84,79,"AVLO","2025-03-28","2025-03-14","Trainline"
"16:00","Madrid","20:39","Zaragoza",279,279,25.75,"Alvia","2025-03-28","2025-03-14","Trainline"
"16:02","Madrid","17:26","Zaragoza",84,84,59.5,"AVE","2025-03-28","2025-03-14","Trainline"
"16:27","Madrid","17:45","Zaragoza",78,78,59.5,"AVE","2025-03-28","2025-03-14","Trainline"
"17:22","Madrid","18:40","Zaragoza",78,78,96.32,"Iryo","2025-03-28","2025-03-14","Trainline"
"17:27","Madrid","18:51","Zaragoza",84,84,66.95,"AVE","2025-03-28","2025-03-14","Trainline"
"18:27","Madrid","19:45","Zaragoza",78,78,66.95,"AVE","2025-03-28","2025-03-14","Trainline"
"18:50","Madrid","20:30","Zaragoza",100,100,59.5,"AVE","2025-03-28","2025-03-14","Trainline"
"19:34","Madrid","21:02","Zaragoza",88,88,55,"AVLO","2025-03-28","2025-03-14","Trainline"
"20:22","Madrid","21:41","Zaragoza",79,79,57.65,"Iryo","2025-03-28","2025-03-14","Trainline"
"20:27","Madrid","21:57","Zaragoza",90,90,52.1,"AVE","2025-03-28","2025-03-14","Trainline"
"21:02","Madrid","22:21","Zaragoza",79,79,55,"Ouigo","2025-03-28","2025-03-14","Trainline"
"21:07","Madrid","22:26","Zaragoza",79,79,59.5,"AVE","2025-03-28","2025-03-14","Trainline"
"6:15","Madrid","8:48","Alicante",153,153,25,"AVLO","2025-04-13","2025-03-14","Trainline"
"7:45","Madrid","10:10","Alicante",145,145,26.72,"Iryo","2025-04-13","2025-03-14","Trainline"
"9:00","Madrid","11:29","Alicante",149,149,25.65,"AVE","2025-04-13","2025-03-14","Trainline"
"9:45","Madrid","12:10","Alicante",145,145,25.65,"AVE","2025-04-13","2025-03-14","Trainline"
"10:15","Madrid","12:37","Alicante",142,142,29,"Ouigo","2025-04-13","2025-03-14","Trainline"
"11:00","Madrid","13:30","Alicante",150,150,51.3,"AVE","2025-04-13","2025-03-14","Trainline"
"11:45","Madrid","14:43","Alicante",178,178,40.7,"Alvia","2025-04-13","2025-03-14","Trainline"
"12:00","Madrid","14:28","Alicante",148,148,34.2,"AVE","2025-04-13","2025-03-14","Trainline"
"14:15","Madrid","16:44","Alicante",149,149,33,"Ouigo","2025-04-13","2025-03-14","Trainline"
"14:25","Madrid","16:52","Alicante",147,147,51.3,"AVE","2025-04-13","2025-03-14","Trainline"
"15:00","Madrid","17:17","Alicante",137,137,34.2,"AVE","2025-04-13","2025-03-14","Trainline"
"15:45","Madrid","18:10","Alicante",145,145,29.5,"Iryo","2025-04-13","2025-03-14","Trainline"
"16:00","Madrid","18:34","Alicante",154,154,42.75,"AVE","2025-04-13","2025-03-14","Trainline"
"6:27","Madrid","9:25","Barcelona",178,178,59,"AVLO","2025-04-13","2025-03-14","Trainline"
"7:02","Madrid","9:54","Barcelona",172,172,55,"Ouigo","2025-04-13","2025-03-14","Trainline"
"7:27","Madrid","10:46","Barcelona",199,199,68.95,"AVE","2025-04-13","2025-03-14","Trainline"
"8:07","Madrid","10:59","Barcelona",172,172,79.29,"Iryo","2025-04-13","2025-03-14","Trainline"
"8:27","Madrid","11:19","Barcelona",172,172,80.45,"AVE","2025-04-13","2025-03-14","Trainline"
"9:22","Madrid","12:14","Barcelona",172,172,75.73,"Iryo","2025-04-13","2025-03-14","Trainline"
"9:57","Madrid","12:49","Barcelona",172,172,69.44,"Iryo","2025-04-13","2025-03-14","Trainline"
"10:02","Madrid","13:04","Barcelona",182,182,59,"Ouigo","2025-04-13","2025-03-14","Trainline"
"10:27","Madrid","13:19","Barcelona",172,172,59,"AVLO","2025-04-13","2025-03-14","Trainline"
"11:22","Madrid","14:14","Barcelona",172,172,76.23,"Iryo","2025-04-13","2025-03-14","Trainline"
"11:27","Madrid","14:46","Barcelona",199,199,68.95,"AVE","2025-04-13","2025-03-14","Trainline"
"12:22","Madrid","15:14","Barcelona",172,172,69.77,"Iryo","2025-04-13","2025-03-14","Trainline"
"12:27","Madrid","15:44","Barcelona",197,197,68.95,"AVE","2025-04-13","2025-03-14","Trainline"
"12:57","Madrid","15:34","Barcelona",157,157,67.8,"AVE","2025-04-13","2025-03-14","Trainline"
"13:18","Madrid","16:22","Barcelona",184,184,68.95,"Alvia","2025-04-13","2025-03-14","Trainline"
"14:02","Madrid","16:54","Barcelona",172,172,74.35,"Iryo","2025-04-13","2025-03-14","Trainline"
"14:12","Madrid","16:49","Barcelona",157,157,75,"Ouigo","2025-04-13","2025-03-14","Trainline"
"14:42","Madrid","17:41","Barcelona",179,179,66.34,"Iryo","2025-04-13","2025-03-14","Trainline"
"15:57","Madrid","18:34","Barcelona",157,157,67.8,"AVE","2025-04-13","2025-03-14","Trainline"
"16:27","Madrid","19:19","Barcelona",172,172,68.95,"AVE","2025-04-13","2025-03-14","Trainline"
"16:37","Madrid","19:14","Barcelona",157,157,80.09,"Iryo","2025-04-13","2025-03-14","Trainline"
"16:57","Madrid","19:34","Barcelona",157,157,81.35,"AVE","2025-04-13","2025-03-14","Trainline"
"17:17","Madrid","19:54","Barcelona",157,157,75,"Ouigo","2025-04-13","2025-03-14","Trainline"
"17:27","Madrid","20:46","Barcelona",199,199,69,"AVLO","2025-04-13","2025-03-14","Trainline"
"18:27","Madrid","21:24","Barcelona",177,177,80.45,"AVE","2025-04-13","2025-03-14","Trainline"
"18:32","Madrid","21:09","Barcelona",157,157,85.61,"Iryo","2025-04-13","2025-03-14","Trainline"
"18:57","Madrid","21:34","Barcelona",157,157,94.9,"AVE","2025-04-13","2025-03-14","Trainline"
"19:29","Madrid","22:21","Barcelona",172,172,69.12,"Iryo","2025-04-13","2025-03-14","Trainline"
"19:34","Madrid","22:55","Barcelona",201,201,69,"AVLO","2025-04-13","2025-03-14","Trainline"
"6:27","Madrid","7:52","Zaragoza",85,85,59,"AVLO","2025-04-13","2025-03-14","Trainline"
"7:02","Madrid","8:20","Zaragoza",78,78,29,"Ouigo","2025-04-13","2025-03-14","Trainline"
"7:27","Madrid","8:51","Zaragoza",84,84,52.1,"AVE","2025-04-13","2025-03-14","Trainline"
"8:07","Madrid","9:25","Zaragoza",78,78,78.17,"Iryo","2025-04-13","2025-03-14","Trainline"
"8:27","Madrid","9:45","Zaragoza",78,78,59.5,"AVE","2025-04-13","2025-03-14","Trainline"
"9:22","Madrid","10:40","Zaragoza",78,78,74.43,"Iryo","2025-04-13","2025-03-14","Trainline"
"9:27","Madrid","10:46","Zaragoza",79,79,59.5,"AVE","2025-04-13","2025-03-14","Trainline"
"9:57","Madrid","11:17","Zaragoza",80,80,68.84,"Iryo","2025-04-13","2025-03-14","Trainline"
"10:02","Madrid","11:22","Zaragoza",80,80,49,"Ouigo","2025-04-13","2025-03-14","Trainline"
"10:27","Madrid","11:47","Zaragoza",80,80,55,"AVLO","2025-04-13","2025-03-14","Trainline"
"11:22","Madrid","12:40","Zaragoza",78,78,32.31,"Iryo","2025-04-13","2025-03-14","Trainline"
"11:27","Madrid","12:51","Zaragoza",84,84,52.1,"AVE","2025-04-13","2025-03-14","Trainline"
"12:22","Madrid","13:40","Zaragoza",78,78,69.77,"Iryo","2025-04-13","2025-03-14","Trainline"
"12:27","Madrid","13:45","Zaragoza",78,78,52.1,"AVE","2025-04-13","2025-03-14","Trainline"
"14:02","Madrid","15:22","Zaragoza",80,80,74.2,"Iryo","2025-04-13","2025-03-14","Trainline"
"14:27","Madrid","15:51","Zaragoza",84,84,59.5,"AVE","2025-04-13","2025-03-14","Trainline"
"14:42","Madrid","16:02","Zaragoza",80,80,67.74,"Iryo","2025-04-13","2025-03-14","Trainline"
"15:27","Madrid","16:51","Zaragoza",84,84,69,"AVLO","2025-04-13","2025-03-14","Trainline"
"16:27","Madrid","17:45","Zaragoza",78,78,52.1,"AVE","2025-04-13","2025-03-14","Trainline"
"17:22","Madrid","18:40","Zaragoza",78,78,88.05,"Iryo","2025-04-13","2025-03-14","Trainline"
"17:27","Madrid","18:51","Zaragoza",84,84,69,"AVLO","2025-04-13","2025-03-14","Trainline"
"18:27","Madrid","19:45","Zaragoza",78,78,59.5,"AVE","2025-04-13","2025-03-14","Trainline"
"18:50","Madrid","20:30","Zaragoza",100,100,59.5,"AVE","2025-04-13","2025-03-14","Trainline"
"19:29","Madrid","20:47","Zaragoza",78,78,69.15,"Iryo","2025-04-13","2025-03-14","Trainline"
"19:34","Madrid","21:02","Zaragoza",88,88,69,"AVLO","2025-04-13","2025-03-14","Trainline"
"20:22","Madrid","21:41","Zaragoza",79,79,73.02,"Iryo","2025-04-13","2025-03-14","Trainline"
"20:27","Madrid","21:57","Zaragoza",90,90,59.5,"AVE","2025-04-13","2025-03-14","Trainline"
"21:02","Madrid","22:21","Zaragoza",79,79,65,"Ouigo","2025-04-13","2025-03-14","Trainline"
"21:07","Madrid","22:26","Zaragoza",79,79,66.95,"AVE","2025-04-13","2025-03-14","Trainline"
"6:15","Madrid","8:48","Alicante",153,153,15,"AVLO","2025-03-28","2025-03-14","Trainline"
"9:00","Madrid","11:29","Alicante",149,149,34.2,"AVE","2025-03-28","2025-03-14","Trainline"
"9:45","Madrid","12:10","Alicante",145,145,25.65,"AVE","2025-03-28","2025-03-14","Trainline"
"10:15","Madrid","12:37","Alicante",142,142,25,"Ouigo","2025-03-28","2025-03-14","Trainline"
"11:00","Madrid","13:30","Alicante",150,150,51.3,"AVE","2025-03-28","2025-03-14","Trainline"
"11:45","Madrid","14:43","Alicante",178,178,47.45,"Alvia","2025-03-28","2025-03-14","Trainline"
"14:15","Madrid","16:44","Alicante",149,149,45,"Ouigo","2025-03-28","2025-03-14","Trainline"
"16:00","Madrid","18:34","Alicante",154,154,68.4,"AVE","2025-03-28","2025-03-14","Trainline"
"16:45","Madrid","19:10","Alicante",145,145,45.46,"Iryo","2025-03-28","2025-03-14","Trainline"
"17:00","Madrid","19:34","Alicante",154,154,55,"AVLO","2025-03-28","2025-03-14","Trainline"
"18:00","Madrid","20:24","Alicante",144,144,59.85,"AVE","2025-03-28","2025-03-14","Trainline"
"19:00","Madrid","21:28","Alicante",148,148,51.3,"AVE","2025-03-28","2025-03-14","Trainline"
"20:00","Madrid","22:56","Alicante",176,176,42.05,"Alvia","2025-03-28","2025-03-14","Trainline"
"20:15","Madrid","22:39","Alicante",144,144,35,"Ouigo","2025-03-28","2025-03-14","Trainline"
"6:15","Madrid","8:48","Alicante",153,153,19,"AVLO","2025-03-16","2025-03-15","Trainline"
"9:00","Madrid","11:29","Alicante",149,149,51.3,"AVE","2025-03-16","2025-03-15","Trainline"
"10:15","Madrid","12:37","Alicante",142,142,42,"Ouigo","2025-03-16","2025-03-15","Trainline"
"14:15","Madrid","16:44","Alicante",149,149,49,"Ouigo","2025-03-16","2025-03-15","Trainline"
"14:25","Madrid","16:52","Alicante",147,147,68.4,"AVE","2025-03-16","2025-03-15","Trainline"
"15:00","Madrid","17:17","Alicante",137,137,59.85,"AVE","2025-03-16","2025-03-15","Trainline"
"16:00","Madrid","18:34","Alicante",154,154,68.4,"AVE","2025-03-16","2025-03-15","Trainline"
"16:45","Madrid","19:10","Alicante",145,145,55.52,"Iryo","2025-03-16","2025-03-15","Trainline"
"17:00","Madrid","19:34","Alicante",154,154,65,"AVLO","2025-03-16","2025-03-15","Trainline"
"18:00","Madrid","20:24","Alicante",144,144,68.4,"AVE","2025-03-16","2025-03-15","Trainline"
"19:00","Madrid","21:28","Alicante",148,148,85.5,"AVE","2025-03-16","2025-03-15","Trainline"
"19:45","Madrid","22:20","Alicante",155,155,68.4,"AVE","2025-03-16","2025-03-15","Trainline"
"20:00","Madrid","22:56","Alicante",176,176,70.1,"Alvia","2025-03-16","2025-03-15","Trainline"
"20:15","Madrid","22:39","Alicante",144,144,59,"Ouigo","2025-03-16","2025-03-15","Trainline"
"6:30","Madrid","7:52","Zaragoza",82,82,19,"AVLO","2025-03-16","2025-03-15","Trainline"
"7:05","Madrid","8:20","Zaragoza",75,75,19,"Ouigo","2025-03-16","2025-03-15","Trainline"
"7:30","Madrid","8:51","Zaragoza",81,81,29.75,"AVE","2025-03-16","2025-03-15","Trainline"
"8:25","Madrid","9:40","Zaragoza",75,75,63.4,"Iryo","2025-03-16","2025-03-15","Trainline"
"9:15","Madrid","10:30","Zaragoza",75,75,63.65,"Iryo","2025-03-16","2025-03-15","Trainline"
"9:15","Madrid","13:25","Zaragoza",250,250,29.55,"Alvia","2025-03-16","2025-03-15","Trainline"
"9:30","Madrid","10:46","Zaragoza",76,76,29.75,"AVE","2025-03-16","2025-03-15","Trainline"
"10:05","Madrid","11:22","Zaragoza",77,77,35,"Ouigo","2025-03-16","2025-03-15","Trainline"
"11:30","Madrid","12:51","Zaragoza",81,81,104.15,"AVE","2025-03-16","2025-03-15","Trainline"
"14:05","Madrid","15:22","Zaragoza",77,77,111.1,"Iryo","2025-03-16","2025-03-15","Trainline"
"14:30","Madrid","15:51","Zaragoza",81,81,74.4,"AVE","2025-03-16","2025-03-15","Trainline"
"15:30","Madrid","16:51","Zaragoza",81,81,109,"AVLO","2025-03-16","2025-03-15","Trainline"
"16:05","Madrid","17:26","Zaragoza",81,81,66.95,"AVE","2025-03-16","2025-03-15","Trainline"
"16:30","Madrid","17:45","Zaragoza",75,75,89.3,"AVE","2025-03-16","2025-03-15","Trainline"
"17:30","Madrid","18:51","Zaragoza",81,81,119,"AVLO","2025-03-16","2025-03-15","Trainline"
"19:30","Madrid","20:55","Zaragoza",85,85,99,"AVLO","2025-03-16","2025-03-15","Trainline"
"6:15","Madrid","8:48","Alicante",153,153,25,"AVLO","2025-03-22","2025-03-15","Trainline"
"7:00","Madrid","9:35","Alicante",155,155,34.2,"AVE","2025-03-22","2025-03-15","Trainline"
"7:45","Madrid","10:10","Alicante",145,145,25.03,"Iryo","2025-03-22","2025-03-15","Trainline"
"9:00","Madrid","11:29","Alicante",149,149,42.75,"AVE","2025-03-22","2025-03-15","Trainline"
"10:15","Madrid","12:37","Alicante",142,142,29,"Ouigo","2025-03-22","2025-03-15","Trainline"
"11:00","Madrid","13:30","Alicante",150,150,42.75,"AVE","2025-03-22","2025-03-15","Trainline"
"11:45","Madrid","14:43","Alicante",178,178,40.7,"Alvia","2025-03-22","2025-03-15","Trainline"
"12:00","Madrid","14:28","Alicante",148,148,25.65,"AVE","2025-03-22","2025-03-15","Trainline"
"14:15","Madrid","16:44","Alicante",149,149,22,"Ouigo","2025-03-22","2025-03-15","Trainline"
"14:25","Madrid","16:52","Alicante",147,147,42.75,"AVE","2025-03-22","2025-03-15","Trainline"
"16:00","Madrid","18:34","Alicante",154,154,34.2,"AVE","2025-03-22","2025-03-15","Trainline"
"17:00","Madrid","19:34","Alicante",154,154,35,"AVLO","2025-03-22","2025-03-15","Trainline"
"18:00","Madrid","20:24","Alicante",144,144,42.75,"AVE","2025-03-22","2025-03-15","Trainline"
"19:00","Madrid","21:28","Alicante",148,148,34.2,"AVE","2025-03-22","2025-03-15","Trainline"
"20:00","Madrid","22:56","Alicante",176,176,42.05,"Alvia","2025-03-22","2025-03-15","Trainline"
"20:15","Madrid","22:39","Alicante",144,144,29,"Ouigo","2025-03-22","2025-03-15","Trainline"
"6:30","Madrid","9:21","Barcelona",171,171,45,"AVLO","2025-03-22","2025-03-15","Trainline"
"7:05","Madrid","9:50","Barcelona",165,165,45,"Ouigo","2025-03-22","2025-03-15","Trainline"
"7:30","Madrid","10:42","Barcelona",192,192,68.95,"AVE","2025-03-22","2025-03-15","Trainline"
"8:25","Madrid","11:10","Barcelona",165,165,51.5,"Iryo","2025-03-22","2025-03-15","Trainline"
"8:30","Madrid","11:15","Barcelona",165,165,68.95,"AVE","2025-03-22","2025-03-15","Trainline"
"9:15","Madrid","12:00","Barcelona",165,165,54.86,"Iryo","2025-03-22","2025-03-15","Trainline"
"9:30","Madrid","12:37","Barcelona",187,187,68.95,"AVE","2025-03-22","2025-03-15","Trainline"
"10:00","Madrid","12:45","Barcelona",165,165,52.43,"Iryo","2025-03-22","2025-03-15","Trainline"
"10:05","Madrid","13:00","Barcelona",175,175,42,"Ouigo","2025-03-22","2025-03-15","Trainline"
"10:30","Madrid","13:15","Barcelona",165,165,49,"AVLO","2025-03-22","2025-03-15","Trainline"
"11:25","Madrid","14:10","Barcelona",165,165,45.41,"Iryo","2025-03-22","2025-03-15","Trainline"
"12:25","Madrid","15:10","Barcelona",165,165,45.25,"Iryo","2025-03-22","2025-03-15","Trainline"
"12:30","Madrid","15:40","Barcelona",190,190,57.45,"AVE","2025-03-22","2025-03-15","Trainline"
"13:25","Madrid","16:22","Barcelona",177,177,57.45,"Alvia","2025-03-22","2025-03-15","Trainline"
"14:15","Madrid","16:45","Barcelona",150,150,42,"Ouigo","2025-03-22","2025-03-15","Trainline"
"14:45","Madrid","17:37","Barcelona",172,172,50.27,"Iryo","2025-03-22","2025-03-15","Trainline"
"15:30","Madrid","18:42","Barcelona",192,192,45,"AVLO","2025-03-22","2025-03-15","Trainline"
"16:30","Madrid","19:15","Barcelona",165,165,80.45,"AVE","2025-03-22","2025-03-15","Trainline"
"16:40","Madrid","19:10","Barcelona",150,150,64.82,"Iryo","2025-03-22","2025-03-15","Trainline"
"17:20","Madrid","19:50","Barcelona",150,150,42,"Ouigo","2025-03-22","2025-03-15","Trainline"
"17:30","Madrid","20:42","Barcelona",192,192,39,"AVLO","2025-03-22","2025-03-15","Trainline"
"18:30","Madrid","21:20","Barcelona",170,170,80.45,"AVE","2025-03-22","2025-03-15","Trainline"
"19:25","Madrid","22:10","Barcelona",165,165,55.44,"Iryo","2025-03-22","2025-03-15","Trainline"
"19:30","Madrid","22:44","Barcelona",194,194,55,"AVLO","2025-03-22","2025-03-15","Trainline"
"20:25","Madrid","23:10","Barcelona",165,165,99,"Iryo","2025-03-22","2025-03-15","Trainline"
"6:15","Madrid","8:48","Alicante",153,153,25,"AVLO","2025-03-29","2025-03-15","Trainline"
"7:00","Madrid","9:35","Alicante",155,155,34.2,"AVE","2025-03-29","2025-03-15","Trainline"
"7:45","Madrid","10:10","Alicante",145,145,25.54,"Iryo","2025-03-29","2025-03-15","Trainline"
"9:00","Madrid","11:29","Alicante",149,149,42.75,"AVE","2025-03-29","2025-03-15","Trainline"
"10:15","Madrid","12:37","Alicante",142,142,25,"Ouigo","2025-03-29","2025-03-15","Trainline"
"11:00","Madrid","13:30","Alicante",150,150,42.75,"AVE","2025-03-29","2025-03-15","Trainline"
"11:45","Madrid","14:43","Alicante",178,178,33.9,"Alvia","2025-03-29","2025-03-15","Trainline"
"12:00","Madrid","14:28","Alicante",148,148,25.65,"AVE","2025-03-29","2025-03-15","Trainline"
"14:15","Madrid","16:44","Alicante",149,149,19,"Ouigo","2025-03-29","2025-03-15","Trainline"
"14:25","Madrid","16:52","Alicante",147,147,42.75,"AVE","2025-03-29","2025-03-15","Trainline"
"16:00","Madrid","18:34","Alicante",154,154,25.65,"AVE","2025-03-29","2025-03-15","Trainline"
"17:00","Madrid","19:34","Alicante",154,154,25,"AVLO","2025-03-29","2025-03-15","Trainline"
"6:27","Madrid","9:25","Barcelona",178,178,29,"AVLO","2025-03-29","2025-03-15","Trainline"
"7:02","Madrid","9:54","Barcelona",172,172,65,"Ouigo","2025-03-29","2025-03-15","Trainline"
"7:27","Madrid","10:46","Barcelona",199,199,80.45,"AVE","2025-03-29","2025-03-15","Trainline"
"8:07","Madrid","10:59","Barcelona",172,172,64.33,"Iryo","2025-03-29","2025-03-15","Trainline"
"8:27","Madrid","11:19","Barcelona",172,172,68.95,"AVE","2025-03-29","2025-03-15","Trainline"
"9:22","Madrid","12:14","Barcelona",172,172,62.39,"Iryo","2025-03-29","2025-03-15","Trainline"
"9:27","Madrid","12:41","Barcelona",194,194,68.95,"AVE","2025-03-29","2025-03-15","Trainline"
"9:57","Madrid","12:49","Barcelona",172,172,52.84,"Iryo","2025-03-29","2025-03-15","Trainline"
"10:02","Madrid","13:04","Barcelona",182,182,49,"Ouigo","2025-03-29","2025-03-15","Trainline"
"10:27","Madrid","13:19","Barcelona",172,172,49,"AVLO","2025-03-29","2025-03-15","Trainline"
"11:22","Madrid","14:14","Barcelona",172,172,46.81,"Iryo","2025-03-29","2025-03-15","Trainline"
"11:27","Madrid","14:46","Barcelona",199,199,57.45,"AVE","2025-03-29","2025-03-15","Trainline"
"12:22","Madrid","15:14","Barcelona",172,172,59.56,"Iryo","2025-03-29","2025-03-15","Trainline"
"12:27","Madrid","15:44","Barcelona",197,197,80.45,"AVE","2025-03-29","2025-03-15","Trainline"
"13:18","Madrid","16:22","Barcelona",184,184,57.45,"Alvia","2025-03-29","2025-03-15","Trainline"
"14:12","Madrid","16:49","Barcelona",157,157,42,"Ouigo","2025-03-29","2025-03-15","Trainline"
"14:42","Madrid","17:41","Barcelona",179,179,43.58,"Iryo","2025-03-29","2025-03-15","Trainline"
"15:27","Madrid","18:46","Barcelona",199,199,49,"AVLO","2025-03-29","2025-03-15","Trainline"
"16:27","Madrid","19:19","Barcelona",172,172,91.9,"AVE","2025-03-29","2025-03-15","Trainline"
"16:37","Madrid","19:14","Barcelona",157,157,53.8,"Iryo","2025-03-29","2025-03-15","Trainline"
"17:17","Madrid","19:54","Barcelona",157,157,39,"Ouigo","2025-03-29","2025-03-15","Trainline"
"17:27","Madrid","20:46","Barcelona",199,199,39,"AVLO","2025-03-29","2025-03-15","Trainline"
"18:27","Madrid","21:24","Barcelona",177,177,68.95,"AVE","2025-03-29","2025-03-15","Trainline"
"19:29","Madrid","22:21","Barcelona",172,172,49.73,"Iryo","2025-03-29","2025-03-15","Trainline"
"19:34","Madrid","22:55","Barcelona",201,201,39,"AVLO","2025-03-29","2025-03-15","Trainline"
"20:22","Madrid","23:14","Barcelona",172,172,47.39,"Iryo","2025-03-29","2025-03-15","Trainline"
"6:27","Madrid","7:52","Zaragoza",85,85,59,"AVLO","2025-03-29","2025-03-15","Trainline"
"7:02","Madrid","8:20","Zaragoza",78,78,42,"Ouigo","2025-03-29","2025-03-15","Trainline"
"7:27","Madrid","8:51","Zaragoza",84,84,59.5,"AVE","2025-03-29","2025-03-15","Trainline"
"8:07","Madrid","9:25","Zaragoza",78,78,64.57,"Iryo","2025-03-29","2025-03-15","Trainline"
"8:27","Madrid","9:45","Zaragoza",78,78,52.1,"AVE","2025-03-29","2025-03-15","Trainline"
"9:15","Madrid","13:25","Zaragoza",250,250,29.55,"Alvia","2025-03-29","2025-03-15","Trainline"
"9:22","Madrid","10:40","Zaragoza",78,78,62.03,"Iryo","2025-03-29","2025-03-15","Trainline"
"9:27","Madrid","10:46","Zaragoza",79,79,52.1,"AVE","2025-03-29","2025-03-15","Trainline"
"9:57","Madrid","11:17","Zaragoza",80,80,52.48,"Iryo","2025-03-29","2025-03-15","Trainline"
"10:02","Madrid","11:22","Zaragoza",80,80,39,"Ouigo","2025-03-29","2025-03-15","Trainline"
"10:27","Madrid","11:47","Zaragoza",80,80,45,"AVLO","2025-03-29","2025-03-15","Trainline"
"11:22","Madrid","12:40","Zaragoza",78,78,46.15,"Iryo","2025-03-29","2025-03-15","Trainline"
"11:27","Madrid","12:51","Zaragoza",84,84,44.65,"AVE","2025-03-29","2025-03-15","Trainline"
"12:22","Madrid","13:40","Zaragoza",78,78,60.29,"Iryo","2025-03-29","2025-03-15","Trainline"
"12:27","Madrid","13:45","Zaragoza",78,78,44.65,"AVE","2025-03-29","2025-03-15","Trainline"
"14:42","Madrid","16:02","Zaragoza",80,80,44.18,"Iryo","2025-03-29","2025-03-15","Trainline"
"15:27","Madrid","16:51","Zaragoza",84,84,59,"AVLO","2025-03-29","2025-03-15","Trainline"
"16:00","Madrid","20:39","Zaragoza",279,279,25.75,"Alvia","2025-03-29","2025-03-15","Trainline"
"16:27","Madrid","17:45","Zaragoza",78,78,66.95,"AVE","2025-03-29","2025-03-15","Trainline"
"17:27","Madrid","18:51","Zaragoza",84,84,59,"AVLO","2025-03-29","2025-03-15","Trainline"
"18:27","Madrid","19:45","Zaragoza",78,78,52.1,"AVE","2025-03-29","2025-03-15","Trainline"
"18:50","Madrid","20:30","Zaragoza",100,100,44.65,"AVE","2025-03-29","2025-03-15","Trainline"
"6:15","Madrid","8:48","Alicante",153,153,15,"AVLO","2025-04-14","2025-03-15","Trainline"
"7:00","Madrid","9:35","Alicante",155,155,34.2,"AVE","2025-04-14","2025-03-15","Trainline"
"9:00","Madrid","11:29","Alicante",149,149,34.2,"AVE","2025-04-14","2025-03-15","Trainline"
"9:45","Madrid","12:10","Alicante",145,145,25.65,"AVE","2025-04-14","2025-03-15","Trainline"
"10:15","Madrid","12:37","Alicante",142,142,29,"Ouigo","2025-04-14","2025-03-15","Trainline"
"11:00","Madrid","13:30","Alicante",150,150,42.75,"AVE","2025-04-14","2025-03-15","Trainline"
"11:45","Madrid","14:43","Alicante",178,178,40.7,"Alvia","2025-04-14","2025-03-15","Trainline"
"14:00","Madrid","16:28","Alicante",148,148,25.65,"AVE","2025-04-14","2025-03-15","Trainline"
"14:15","Madrid","16:44","Alicante",149,149,25,"Ouigo","2025-04-14","2025-03-15","Trainline"
"14:25","Madrid","16:52","Alicante",147,147,34.2,"AVE","2025-04-14","2025-03-15","Trainline"
"15:00","Madrid","17:17","Alicante",137,137,34.2,"AVE","2025-04-14","2025-03-15","Trainline"
"16:00","Madrid","18:34","Alicante",154,154,34.2,"AVE","2025-04-14","2025-03-15","Trainline"
"17:00","Madrid","19:34","Alicante",154,154,25,"AVLO","2025-04-14","2025-03-15","Trainline"
"18:00","Madrid","20:24","Alicante",144,144,25.65,"AVE","2025-04-14","2025-03-15","Trainline"
"19:00","Madrid","21:28","Alicante",148,148,25.65,"AVE","2025-04-14","2025-03-15","Trainline"
"19:45","Madrid","22:20","Alicante",155,155,25.65,"AVE","2025-04-14","2025-03-15","Trainline"
"20:00","Madrid","22:56","Alicante",176,176,28.05,"Alvia","2025-04-14","2025-03-15","Trainline"
"20:15","Madrid","22:39","Alicante",144,144,19,"Ouigo","2025-04-14","2025-03-15","Trainline"
"6:22","Madrid","8:59","Barcelona",157,157,40.58,"Iryo","2025-04-14","2025-03-15","Trainline"
"6:27","Madrid","9:25","Barcelona",178,178,25,"AVLO","2025-04-14","2025-03-15","Trainline"
"7:02","Madrid","9:54","Barcelona",172,172,45,"Ouigo","2025-04-14","2025-03-15","Trainline"
"7:22","Madrid","9:59","Barcelona",157,157,47.22,"Iryo","2025-04-14","2025-03-15","Trainline"
"8:27","Madrid","11:19","Barcelona",172,172,68.95,"AVE","2025-04-14","2025-03-15","Trainline"
"8:32","Madrid","11:09","Barcelona",157,157,49.6,"Iryo","2025-04-14","2025-03-15","Trainline"
"8:57","Madrid","11:41","Barcelona",164,164,54.25,"AVE","2025-04-14","2025-03-15","Trainline"
"9:22","Madrid","12:14","Barcelona",172,172,51.8,"Iryo","2025-04-14","2025-03-15","Trainline"
"9:57","Madrid","12:49","Barcelona",172,172,50.74,"Iryo","2025-04-14","2025-03-15","Trainline"
"10:02","Madrid","13:04","Barcelona",182,182,49,"Ouigo","2025-04-14","2025-03-15","Trainline"
"10:27","Madrid","13:19","Barcelona",172,172,49,"AVLO","2025-04-14","2025-03-15","Trainline"
"11:22","Madrid","14:14","Barcelona",172,172,47.79,"Iryo","2025-04-14","2025-03-15","Trainline"
"11:27","Madrid","14:46","Barcelona",199,199,45.95,"AVE","2025-04-14","2025-03-15","Trainline"
"12:22","Madrid","15:14","Barcelona",172,172,46.12,"Iryo","2025-04-14","2025-03-15","Trainline"
"12:57","Madrid","15:34","Barcelona",157,157,47.45,"AVE","2025-04-14","2025-03-15","Trainline"
"13:18","Madrid","16:22","Barcelona",184,184,45.95,"Alvia","2025-04-14","2025-03-15","Trainline"
"14:02","Madrid","16:54","Barcelona",172,172,40.93,"Iryo","2025-04-14","2025-03-15","Trainline"
"14:12","Madrid","16:49","Barcelona",157,157,39,"Ouigo","2025-04-14","2025-03-15","Trainline"
"14:27","Madrid","17:24","Barcelona",177,177,40.2,"AVE","2025-04-14","2025-03-15","Trainline"
"14:42","Madrid","17:41","Barcelona",179,179,44.98,"Iryo","2025-04-14","2025-03-15","Trainline"
"15:27","Madrid","18:46","Barcelona",199,199,45,"AVLO","2025-04-14","2025-03-15","Trainline"
"15:57","Madrid","18:34","Barcelona",157,157,47.45,"AVE","2025-04-14","2025-03-15","Trainline"
"16:27","Madrid","19:19","Barcelona",172,172,45.95,"AVE","2025-04-14","2025-03-15","Trainline"
"16:37","Madrid","19:14","Barcelona",157,157,39.26,"Iryo","2025-04-14","2025-03-15","Trainline"
"17:17","Madrid","19:54","Barcelona",157,157,35,"Ouigo","2025-04-14","2025-03-15","Trainline"
"17:22","Madrid","20:14","Barcelona",172,172,38.83,"Iryo","2025-04-14","2025-03-15","Trainline"
"17:27","Madrid","20:46","Barcelona",199,199,45,"AVLO","2025-04-14","2025-03-15","Trainline"
"18:27","Madrid","21:24","Barcelona",177,177,45.95,"AVE","2025-04-14","2025-03-15","Trainline"
"18:32","Madrid","21:09","Barcelona",157,157,42.9,"Iryo","2025-04-14","2025-03-15","Trainline"
"6:27","Madrid","7:52","Zaragoza",85,85,59,"AVLO","2025-04-14","2025-03-15","Trainline"
"7:02","Madrid","8:20","Zaragoza",78,78,29,"Ouigo","2025-04-14","2025-03-15","Trainline"
"7:27","Madrid","8:51","Zaragoza",84,84,52.1,"AVE","2025-04-14","2025-03-15","Trainline"
"8:27","Madrid","9:45","Zaragoza",78,78,52.1,"AVE","2025-04-14","2025-03-15","Trainline"
"9:22","Madrid","10:40","Zaragoza",78,78,24.96,"Iryo","2025-04-14","2025-03-15","Trainline"
"9:27","Madrid","10:46","Zaragoza",79,79,52.1,"AVE","2025-04-14","2025-03-15","Trainline"
"9:57","Madrid","11:17","Zaragoza",80,80,50.58,"Iryo","2025-04-14","2025-03-15","Trainline"
"10:02","Madrid","11:22","Zaragoza",80,80,39,"Ouigo","2025-04-14","2025-03-15","Trainline"
"10:27","Madrid","11:47","Zaragoza",80,80,45,"AVLO","2025-04-14","2025-03-15","Trainline"
"11:22","Madrid","12:40","Zaragoza",78,78,47.19,"Iryo","2025-04-14","2025-03-15","Trainline"
"11:27","Madrid","12:51","Zaragoza",84,84,37.2,"AVE","2025-04-14","2025-03-15","Trainline"
"12:22","Madrid","13:40","Zaragoza",78,78,25.44,"Iryo","2025-04-14","2025-03-15","Trainline"
"12:27","Madrid","13:45","Zaragoza",78,78,44.65,"AVE","2025-04-14","2025-03-15","Trainline"
"13:18","Madrid","14:43","Zaragoza",85,85,29.75,"Alvia","2025-04-14","2025-03-15","Trainline"
"14:02","Madrid","15:22","Zaragoza",80,80,26.91,"Iryo","2025-04-14","2025-03-15","Trainline"
"14:27","Madrid","15:51","Zaragoza",84,84,29.75,"AVE","2025-04-14","2025-03-15","Trainline"
"14:42","Madrid","16:02","Zaragoza",80,80,45.05,"Iryo","2025-04-14","2025-03-15","Trainline"
"15:27","Madrid","16:51","Zaragoza",84,84,59,"AVLO","2025-04-14","2025-03-15","Trainline"
"16:27","Madrid","17:45","Zaragoza",78,78,37.2,"AVE","2025-04-14","2025-03-15","Trainline"
"17:22","Madrid","18:40","Zaragoza",78,78,38.94,"Iryo","2025-04-14","2025-03-15","Trainline"
"17:27","Madrid","18:51","Zaragoza",84,84,59,"AVLO","2025-04-14","2025-03-15","Trainline"
"18:27","Madrid","19:45","Zaragoza",78,78,37.2,"AVE","2025-04-14","2025-03-15","Trainline"
"18:50","Madrid","20:30","Zaragoza",100,100,52.1,"AVE","2025-04-14","2025-03-15","Trainline"
"19:29","Madrid","20:47","Zaragoza",78,78,47.09,"Iryo","2025-04-14","2025-03-15","Trainline"
"19:34","Madrid","21:02","Zaragoza",88,88,39,"AVLO","2025-04-14","2025-03-15","Trainline"
"20:22","Madrid","21:41","Zaragoza",79,79,37.59,"Iryo","2025-04-14","2025-03-15","Trainline"
"20:27","Madrid","21:57","Zaragoza",90,90,29.75,"AVE","2025-04-14","2025-03-15","Trainline"
"21:02","Madrid","22:21","Zaragoza",79,79,35,"Ouigo","2025-04-14","2025-03-15","Trainline"
"21:07","Madrid","22:26","Zaragoza",79,79,44.65,"AVE","2025-04-14","2025-03-15","Trainline"
6:30,Madrid,9:21,Barcelona,171,171,19,AVLO,2025-03-16,2025-03-15,Trainline
7:05,Madrid,9:50,Barcelona,165,165,33,Ouigo,2025-03-16,2025-03-15,Trainline
7:30,Madrid,10:42,Barcelona,192,192,40.2,AVE,2025-03-16,2025-03-15,Trainline
8:25,Madrid,11:10,Barcelona,165,165,62.98,Iryo,2025-03-16,2025-03-15,Trainline
9:15,Madrid,12:00,Barcelona,165,165,62.94,Iryo,2025-03-16,2025-03-15,Trainline
9:30,Madrid,12:37,Barcelona,187,187,45.95,AVE,2025-03-16,2025-03-15,Trainline
10:05,Madrid,13:00,Barcelona,175,175,49,Ouigo,2025-03-16,2025-03-15,Trainline
13:25,Madrid,16:22,Barcelona,177,177,137.9,Alvia,2025-03-16,2025-03-15,Trainline
14:15,Madrid,16:45,Barcelona,150,150,85,Ouigo,2025-03-16,2025-03-15,Trainline
17:00,Madrid,19:30,Barcelona,150,150,135.6,AVE,2025-03-16,2025-03-15,Trainline
17:20,Madrid,19:50,Barcelona,150,150,85,Ouigo,2025-03-16,2025-03-15,Trainline
17:30,Madrid,20:42,Barcelona,192,192,129,AVLO,2025-03-16,2025-03-15,Trainline
18:00,Madrid,20:30,Barcelona,150,150,135.6,AVE,2025-03-16,2025-03-15,Trainline
19:00,Madrid,21:30,Barcelona,150,150,94.9,AVE,2025-03-16,2025-03-15,Trainline
19:25,Madrid,22:10,Barcelona,165,165,99.32,Iryo,2025-03-16,2025-03-15,Trainline
19:30,Madrid,22:44,Barcelona,194,194,119,AVLO,2025-03-16,2025-03-15,Trainline
20:00,Madrid,22:30,Barcelona,150,150,108.5,AVE,2025-03-16,2025-03-15,Trainline
6:30,Madrid,7:52,Zaragoza,82,82,59,AVLO,2025-03-22,2025-03-15,Trainline
7:05,Madrid,8:20,Zaragoza,75,75,33,Ouigo,2025-03-22,2025-03-15,Trainline
7:30,Madrid,8:51,Zaragoza,81,81,52.1,AVE,2025-03-22,2025-03-15,Trainline
8:25,Madrid,9:40,Zaragoza,75,75,52.27,Iryo,2025-03-22,2025-03-15,Trainline
8:30,Madrid,9:45,Zaragoza,75,75,52.1,AVE,2025-03-22,2025-03-15,Trainline
9:15,Madrid,10:30,Zaragoza,75,75,52.47,Iryo,2025-03-22,2025-03-15,Trainline
9:15,Madrid,13:25,Zaragoza,250,250,29.55,Alvia,2025-03-22,2025-03-15,Trainline
9:30,Madrid,10:46,Zaragoza,76,76,52.1,AVE,2025-03-22,2025-03-15,Trainline
10:00,Madrid,11:17,Zaragoza,77,77,52.84,Iryo,2025-03-22,2025-03-15,Trainline
10:05,Madrid,11:22,Zaragoza,77,77,42,Ouigo,2025-03-22,2025-03-15,Trainline
10:30,Madrid,11:47,Zaragoza,77,77,49,AVLO,2025-03-22,2025-03-15,Trainline
11:25,Madrid,12:40,Zaragoza,75,75,45.61,Iryo,2025-03-22,2025-03-15,Trainline
11:30,Madrid,12:51,Zaragoza,81,81,37.2,AVE,2025-03-22,2025-03-15,Trainline
12:25,Madrid,13:40,Zaragoza,75,75,45.53,Iryo,2025-03-22,2025-03-15,Trainline
12:30,Madrid,13:45,Zaragoza,75,75,44.65,AVE,2025-03-22,2025-03-15,Trainline
14:45,Madrid,16:02,Zaragoza,77,77,50.33,Iryo,2025-03-22,2025-03-15,Trainline
15:30,Madrid,16:51,Zaragoza,81,81,59,AVLO,2025-03-22,2025-03-15,Trainline
16:00,Madrid,20:39,Zaragoza,279,279,25.75,Alvia,2025-03-22,2025-03-15,Trainline
16:30,Madrid,17:45,Zaragoza,75,75,59.5,AVE,2025-03-22,2025-03-15,Trainline
17:30,Madrid,18:51,Zaragoza,81,81,59,AVLO,2025-03-22,2025-03-15,Trainline
18:30,Madrid,19:45,Zaragoza,75,75,59.5,AVE,2025-03-22,2025-03-15,Trainline
18:53,Madrid,20:30,Zaragoza,97,97,52.1,AVE,2025-03-22,2025-03-15,Trainline
19:25,Madrid,20:40,Zaragoza,75,75,55.71,Iryo,2025-03-22,2025-03-15,Trainline
6:15,Madrid,8:48,Alicante,153,153,45,AVLO,2025-03-17,2025-03-16,Trainline
9:00,Madrid,11:29,Alicante,149,149,59.85,AVE,2025-03-17,2025-03-16,Trainline
10:15,Madrid,12:37,Alicante,142,142,29,Ouigo,2025-03-17,2025-03-16,Trainline
11:45,Madrid,14:43,Alicante,178,178,40.7,Alvia,2025-03-17,2025-03-16,Trainline
14:00,Madrid,16:28,Alicante,148,148,42.75,AVE,2025-03-17,2025-03-16,Trainline
14:15,Madrid,16:44,Alicante,149,149,25,Ouigo,2025-03-17,2025-03-16,Trainline
14:25,Madrid,16:52,Alicante,147,147,68.4,AVE,2025-03-17,2025-03-16,Trainline
16:00,Madrid,18:34,Alicante,154,154,25.65,AVE,2025-03-17,2025-03-16,Trainline
17:00,Madrid,19:34,Alicante,154,154,35,AVLO,2025-03-17,2025-03-16,Trainline
19:00,Madrid,21:28,Alicante,148,148,25.65,AVE,2025-03-17,2025-03-16,Trainline
20:00,Madrid,22:56,Alicante,176,176,28.05,Alvia,2025-03-17,2025-03-16,Trainline
20:15,Madrid,22:39,Alicante,144,144,15,Ouigo,2025-03-17,2025-03-16,Trainline
6:40,Madrid,9:10,Barcelona,150,150,71.09,Iryo,2025-03-17,2025-03-16,Trainline
7:05,Madrid,9:50,Barcelona,165,165,55,Ouigo,2025-03-17,2025-03-16,Trainline
7:25,Madrid,9:55,Barcelona,150,150,64.29,Iryo,2025-03-17,2025-03-16,Trainline
7:29,Madrid,16:37,Barcelona,548,548,43.25,Alvia,2025-03-17,2025-03-16,Trainline
8:35,Madrid,11:05,Barcelona,150,150,119.23,Iryo,2025-03-17,2025-03-16,Trainline
9:15,Madrid,12:00,Barcelona,165,165,51.75,Iryo,2025-03-17,2025-03-16,Trainline
10:00,Madrid,12:45,Barcelona,165,165,61.54,Iryo,2025-03-17,2025-03-16,Trainline
10:05,Madrid,13:00,Barcelona,175,175,49,Ouigo,2025-03-17,2025-03-16,Trainline
11:25,Madrid,14:10,Barcelona,165,165,80.51,Iryo,2025-03-17,2025-03-16,Trainline
12:25,Madrid,15:10,Barcelona,165,165,51.13,Iryo,2025-03-17,2025-03-16,Trainline
12:30,Madrid,15:40,Barcelona,190,190,57.45,AVE,2025-03-17,2025-03-16,Trainline
13:25,Madrid,16:22,Barcelona,177,177,68.95,Alvia,2025-03-17,2025-03-16,Trainline
14:05,Madrid,16:50,Barcelona,165,165,66.85,Iryo,2025-03-17,2025-03-16,Trainline
14:15,Madrid,16:45,Barcelona,150,150,55,Ouigo,2025-03-17,2025-03-16,Trainline
14:45,Madrid,17:37,Barcelona,172,172,48.51,Iryo,2025-03-17,2025-03-16,Trainline
15:30,Madrid,18:42,Barcelona,192,192,49,AVLO,2025-03-17,2025-03-16,Trainline
16:00,Madrid,18:30,Barcelona,150,150,54.25,AVE,2025-03-17,2025-03-16,Trainline
16:30,Madrid,19:15,Barcelona,165,165,57.45,AVE,2025-03-17,2025-03-16,Trainline
16:40,Madrid,19:10,Barcelona,150,150,50.01,Iryo,2025-03-17,2025-03-16,Trainline
17:20,Madrid,19:50,Barcelona,150,150,42,Ouigo,2025-03-17,2025-03-16,Trainline
17:25,Madrid,20:10,Barcelona,165,165,49.18,Iryo,2025-03-17,2025-03-16,Trainline
17:30,Madrid,20:42,Barcelona,192,192,57.45,AVE,2025-03-17,2025-03-16,Trainline
7:05,Madrid,8:20,Zaragoza,75,75,49,Ouigo,2025-03-17,2025-03-16,Trainline
7:29,Madrid,11:19,Zaragoza,230,230,29.55,Alvia,2025-03-17,2025-03-16,Trainline
9:15,Madrid,10:30,Zaragoza,75,75,52.24,Iryo,2025-03-17,2025-03-16,Trainline
10:00,Madrid,11:17,Zaragoza,77,77,62.15,Iryo,2025-03-17,2025-03-16,Trainline
10:05,Madrid,11:22,Zaragoza,77,77,33,Ouigo,2025-03-17,2025-03-16,Trainline
11:25,Madrid,12:40,Zaragoza,75,75,80.61,Iryo,2025-03-17,2025-03-16,Trainline
12:25,Madrid,13:40,Zaragoza,75,75,51.62,Iryo,2025-03-17,2025-03-16,Trainline
12:30,Madrid,13:45,Zaragoza,75,75,37.2,AVE,2025-03-17,2025-03-16,Trainline
13:25,Madrid,14:47,Zaragoza,82,82,59.5,Alvia,2025-03-17,2025-03-16,Trainline
14:05,Madrid,15:22,Zaragoza,77,77,66.21,Iryo,2025-03-17,2025-03-16,Trainline
14:45,Madrid,16:02,Zaragoza,77,77,48.41,Iryo,2025-03-17,2025-03-16,Trainline
15:30,Madrid,16:51,Zaragoza,81,81,59,AVLO,2025-03-17,2025-03-16,Trainline
16:00,Madrid,20:39,Zaragoza,279,279,25.75,Alvia,2025-03-17,2025-03-16,Trainline
16:30,Madrid,17:45,Zaragoza,75,75,37.2,AVE,2025-03-17,2025-03-16,Trainline
17:25,Madrid,18:40,Zaragoza,75,75,49.27,Iryo,2025-03-17,2025-03-16,Trainline
17:30,Madrid,18:51,Zaragoza,81,81,44.65,AVE,2025-03-17,2025-03-16,Trainline
18:53,Madrid,20:30,Zaragoza,97,97,52.1,AVE,2025-03-17,2025-03-16,Trainline
19:25,Madrid,20:40,Zaragoza,75,75,53.18,Iryo,2025-03-17,2025-03-16,Trainline
19:30,Madrid,20:55,Zaragoza,85,85,55,AVLO,2025-03-17,2025-03-16,Trainline
20:25,Madrid,21:41,Zaragoza,76,76,41.56,Iryo,2025-03-17,2025-03-16,Trainline
6:15,Madrid,8:48,Alicante,153,153,15,AVLO,2025-03-23,2025-03-16,Trainline
9:00,Madrid,11:29,Alicante,149,149,34.2,AVE,2025-03-23,2025-03-16,Trainline
10:15,Madrid,12:37,Alicante,142,142,33,Ouigo,2025-03-23,2025-03-16,Trainline
11:45,Madrid,14:43,Alicante,178,178,67.8,Alvia,2025-03-23,2025-03-16,Trainline
14:15,Madrid,16:44,Alicante,149,149,45,Ouigo,2025-03-23,2025-03-16,Trainline
14:25,Madrid,16:52,Alicante,147,147,59.85,AVE,2025-03-23,2025-03-16,Trainline
15:00,Madrid,17:17,Alicante,137,137,51.3,AVE,2025-03-23,2025-03-16,Trainline
16:00,Madrid,18:34,Alicante,154,154,51.3,AVE,2025-03-23,2025-03-16,Trainline
16:45,Madrid,19:10,Alicante,145,145,36.67,Iryo,2025-03-23,2025-03-16,Trainline
17:00,Madrid,19:34,Alicante,154,154,59,AVLO,2025-03-23,2025-03-16,Trainline
18:00,Madrid,20:24,Alicante,144,144,68.4,AVE,2025-03-23,2025-03-16,Trainline
19:00,Madrid,21:28,Alicante,148,148,59.85,AVE,2025-03-23,2025-03-16,Trainline
19:45,Madrid,22:20,Alicante,155,155,59.85,AVE,2025-03-23,2025-03-16,Trainline
20:00,Madrid,22:56,Alicante,176,176,56.1,Alvia,2025-03-23,2025-03-16,Trainline
20:15,Madrid,22:39,Alicante,144,144,55,Ouigo,2025-03-23,2025-03-16,Trainline
6:30,Madrid,9:21,Barcelona,171,171,35,AVLO,2025-03-23,2025-03-16,Trainline
7:05,Madrid,9:50,Barcelona,165,165,39,Ouigo,2025-03-23,2025-03-16,Trainline
7:30,Madrid,10:42,Barcelona,192,192,45.95,AVE,2025-03-23,2025-03-16,Trainline
8:25,Madrid,11:10,Barcelona,165,165,41.77,Iryo,2025-03-23,2025-03-16,Trainline
8:30,Madrid,11:15,Barcelona,165,165,57.45,AVE,2025-03-23,2025-03-16,Trainline
9:15,Madrid,12:00,Barcelona,165,165,46.16,Iryo,2025-03-23,2025-03-16,Trainline
9:30,Madrid,12:37,Barcelona,187,187,68.95,AVE,2025-03-23,2025-03-16,Trainline
10:00,Madrid,12:45,Barcelona,165,165,47.23,Iryo,2025-03-23,2025-03-16,Trainline
10:05,Madrid,13:00,Barcelona,175,175,49,Ouigo,2025-03-23,2025-03-16,Trainline
10:30,Madrid,13:15,Barcelona,165,165,55,AVLO,2025-03-23,2025-03-16,Trainline
11:30,Madrid,14:42,Barcelona,192,192,114.9,AVE,2025-03-23,2025-03-16,Trainline
12:30,Madrid,15:40,Barcelona,190,190,80.45,AVE,2025-03-23,2025-03-16,Trainline
13:00,Madrid,15:30,Barcelona,150,150,94.9,AVE,2025-03-23,2025-03-16,Trainline
13:25,Madrid,16:22,Barcelona,177,177,114.9,Alvia,2025-03-23,2025-03-16,Trainline
14:05,Madrid,16:50,Barcelona,165,165,94.3,Iryo,2025-03-23,2025-03-16,Trainline
14:15,Madrid,16:45,Barcelona,150,150,89,Ouigo,2025-03-23,2025-03-16,Trainline
14:30,Madrid,17:20,Barcelona,170,170,91.9,AVE,2025-03-23,2025-03-16,Trainline
14:45,Madrid,17:37,Barcelona,172,172,55.06,Iryo,2025-03-23,2025-03-16,Trainline
15:30,Madrid,18:42,Barcelona,192,192,99,AVLO,2025-03-23,2025-03-16,Trainline
16:30,Madrid,19:15,Barcelona,165,165,103.4,AVE,2025-03-23,2025-03-16,Trainline
17:00,Madrid,19:30,Barcelona,150,150,108.5,AVE,2025-03-23,2025-03-16,Trainline
17:20,Madrid,19:50,Barcelona,150,150,99,Ouigo,2025-03-23,2025-03-16,Trainline
17:30,Madrid,20:42,Barcelona,192,192,99,AVLO,2025-03-23,2025-03-16,Trainline
18:00,Madrid,20:30,Barcelona,150,150,108.5,AVE,2025-03-23,2025-03-16,Trainline
19:30,Madrid,22:44,Barcelona,194,194,109,AVLO,2025-03-23,2025-03-16,Trainline
20:00,Madrid,22:30,Barcelona,150,150,108.5,AVE,2025-03-23,2025-03-16,Trainline
6:30,Madrid,7:52,Zaragoza,82,82,25,AVLO,2025-03-23,2025-03-16,Trainline
7:05,Madrid,8:20,Zaragoza,75,75,22,Ouigo,2025-03-23,2025-03-16,Trainline
7:30,Madrid,8:51,Zaragoza,81,81,26.05,AVE,2025-03-23,2025-03-16,Trainline
8:25,Madrid,9:40,Zaragoza,75,75,41.68,Iryo,2025-03-23,2025-03-16,Trainline
9:15,Madrid,10:30,Zaragoza,75,75,45.96,Iryo,2025-03-23,2025-03-16,Trainline
9:15,Madrid,13:25,Zaragoza,250,250,29.55,Alvia,2025-03-23,2025-03-16,Trainline
9:30,Madrid,10:46,Zaragoza,76,76,52.1,AVE,2025-03-23,2025-03-16,Trainline
10:00,Madrid,11:17,Zaragoza,77,77,47.11,Iryo,2025-03-23,2025-03-16,Trainline
10:05,Madrid,11:22,Zaragoza,77,77,35,Ouigo,2025-03-23,2025-03-16,Trainline
10:30,Madrid,11:47,Zaragoza,77,77,55,AVLO,2025-03-23,2025-03-16,Trainline
11:30,Madrid,12:51,Zaragoza,81,81,89.3,AVE,2025-03-23,2025-03-16,Trainline
12:30,Madrid,13:45,Zaragoza,75,75,59.5,AVE,2025-03-23,2025-03-16,Trainline
14:05,Madrid,15:22,Zaragoza,77,77,95.05,Iryo,2025-03-23,2025-03-16,Trainline
14:30,Madrid,15:51,Zaragoza,81,81,66.95,AVE,2025-03-23,2025-03-16,Trainline
14:45,Madrid,16:02,Zaragoza,77,77,54.76,Iryo,2025-03-23,2025-03-16,Trainline
15:30,Madrid,16:51,Zaragoza,81,81,69,AVLO,2025-03-23,2025-03-16,Trainline
16:00,Madrid,20:39,Zaragoza,279,279,25.75,Alvia,2025-03-23,2025-03-16,Trainline
16:05,Madrid,17:26,Zaragoza,81,81,66.95,AVE,2025-03-23,2025-03-16,Trainline
16:30,Madrid,17:45,Zaragoza,75,75,74.4,AVE,2025-03-23,2025-03-16,Trainline
17:30,Madrid,18:51,Zaragoza,81,81,99,AVLO,2025-03-23,2025-03-16,Trainline
19:25,Madrid,20:40,Zaragoza,75,75,75.48,Iryo,2025-03-23,2025-03-16,Trainline
19:30,Madrid,20:55,Zaragoza,85,85,89,AVLO,2025-03-23,2025-03-16,Trainline
6:15,Madrid,8:48,Alicante,153,153,9,AVLO,2025-03-30,2025-03-16,Trainline
9:00,Madrid,11:29,Alicante,149,149,25.65,AVE,2025-03-30,2025-03-16,Trainline
10:15,Madrid,12:37,Alicante,142,142,29,Ouigo,2025-03-30,2025-03-16,Trainline
11:45,Madrid,14:43,Alicante,178,178,40.7,Alvia,2025-03-30,2025-03-16,Trainline
12:00,Madrid,14:28,Alicante,148,148,42.75,AVE,2025-03-30,2025-03-16,Trainline
14:15,Madrid,16:44,Alicante,149,149,42,Ouigo,2025-03-30,2025-03-16,Trainline
14:25,Madrid,16:52,Alicante,147,147,51.3,AVE,2025-03-30,2025-03-16,Trainline
15:00,Madrid,17:17,Alicante,137,137,51.3,AVE,2025-03-30,2025-03-16,Trainline
16:00,Madrid,18:34,Alicante,154,154,59.85,AVE,2025-03-30,2025-03-16,Trainline
16:45,Madrid,19:10,Alicante,145,145,47.03,Iryo,2025-03-30,2025-03-16,Trainline
17:00,Madrid,19:34,Alicante,154,154,55,AVLO,2025-03-30,2025-03-16,Trainline
18:00,Madrid,20:24,Alicante,144,144,59.85,AVE,2025-03-30,2025-03-16,Trainline
19:00,Madrid,21:28,Alicante,148,148,59.85,AVE,2025-03-30,2025-03-16,Trainline
19:45,Madrid,22:20,Alicante,155,155,59.85,AVE,2025-03-30,2025-03-16,Trainline
20:00,Madrid,22:56,Alicante,176,176,56.1,Alvia,2025-03-30,2025-03-16,Trainline
20:15,Madrid,22:39,Alicante,144,144,45,Ouigo,2025-03-30,2025-03-16,Trainline
6:27,Madrid,9:25,Barcelona,178,178,45,AVLO,2025-03-30,2025-03-16,Trainline
7:02,Madrid,9:54,Barcelona,172,172,42,Ouigo,2025-03-30,2025-03-16,Trainline
7:27,Madrid,10:46,Barcelona,199,199,57.45,AVE,2025-03-30,2025-03-16,Trainline
8:07,Madrid,10:59,Barcelona,172,172,46.48,Iryo,2025-03-30,2025-03-16,Trainline
8:27,Madrid,11:19,Barcelona,172,172,57.45,AVE,2025-03-30,2025-03-16,Trainline
9:22,Madrid,12:14,Barcelona,172,172,54.98,Iryo,2025-03-30,2025-03-16,Trainline
9:27,Madrid,12:41,Barcelona,194,194,80.45,AVE,2025-03-30,2025-03-16,Trainline
9:57,Madrid,12:49,Barcelona,172,172,49.76,Iryo,2025-03-30,2025-03-16,Trainline
10:02,Madrid,13:04,Barcelona,182,182,49,Ouigo,2025-03-30,2025-03-16,Trainline
10:27,Madrid,13:19,Barcelona,172,172,55,AVLO,2025-03-30,2025-03-16,Trainline
11:27,Madrid,14:46,Barcelona,199,199,114.9,AVE,2025-03-30,2025-03-16,Trainline
12:27,Madrid,15:44,Barcelona,197,197,80.45,AVE,2025-03-30,2025-03-16,Trainline
12:57,Madrid,15:34,Barcelona,157,157,81.35,AVE,2025-03-30,2025-03-16,Trainline
13:18,Madrid,16:22,Barcelona,184,184,114.9,Alvia,2025-03-30,2025-03-16,Trainline
14:02,Madrid,16:54,Barcelona,172,172,96.06,Iryo,2025-03-30,2025-03-16,Trainline
14:12,Madrid,16:49,Barcelona,157,157,85,Ouigo,2025-03-30,2025-03-16,Trainline
14:27,Madrid,17:24,Barcelona,177,177,91.9,AVE,2025-03-30,2025-03-16,Trainline
15:27,Madrid,18:46,Barcelona,199,199,89,AVLO,2025-03-30,2025-03-16,Trainline
15:57,Madrid,18:34,Barcelona,157,157,94.9,AVE,2025-03-30,2025-03-16,Trainline
16:27,Madrid,19:19,Barcelona,172,172,103.4,AVE,2025-03-30,2025-03-16,Trainline
17:17,Madrid,19:54,Barcelona,157,157,99,Ouigo,2025-03-30,2025-03-16,Trainline
17:27,Madrid,20:46,Barcelona,199,199,99,AVLO,2025-03-30,2025-03-16,Trainline
17:57,Madrid,20:34,Barcelona,157,157,108.5,AVE,2025-03-30,2025-03-16,Trainline
18:57,Madrid,21:34,Barcelona,157,157,108.5,AVE,2025-03-30,2025-03-16,Trainline
19:34,Madrid,22:55,Barcelona,201,201,89,AVLO,2025-03-30,2025-03-16,Trainline
6:27,Madrid,7:52,Zaragoza,85,85,59,AVLO,2025-03-30,2025-03-16,Trainline
7:02,Madrid,8:20,Zaragoza,78,78,25,Ouigo,2025-03-30,2025-03-16,Trainline
7:27,Madrid,8:51,Zaragoza,84,84,37.2,AVE,2025-03-30,2025-03-16,Trainline
8:07,Madrid,9:25,Zaragoza,78,78,46.34,Iryo,2025-03-30,2025-03-16,Trainline
8:27,Madrid,9:45,Zaragoza,78,78,44.65,AVE,2025-03-30,2025-03-16,Trainline
9:15,Madrid,13:25,Zaragoza,250,250,29.55,Alvia,2025-03-30,2025-03-16,Trainline
9:22,Madrid,10:40,Zaragoza,78,78,55.16,Iryo,2025-03-30,2025-03-16,Trainline
9:27,Madrid,10:46,Zaragoza,79,79,59.5,AVE,2025-03-30,2025-03-16,Trainline
9:57,Madrid,11:17,Zaragoza,80,80,48.83,Iryo,2025-03-30,2025-03-16,Trainline
10:02,Madrid,11:22,Zaragoza,80,80,35,Ouigo,2025-03-30,2025-03-16,Trainline
10:27,Madrid,11:47,Zaragoza,80,80,55,AVLO,2025-03-30,2025-03-16,Trainline
11:27,Madrid,12:51,Zaragoza,84,84,89.3,AVE,2025-03-30,2025-03-16,Trainline
12:27,Madrid,13:45,Zaragoza,78,78,59.5,AVE,2025-03-30,2025-03-16,Trainline
14:02,Madrid,15:22,Zaragoza,80,80,96.33,Iryo,2025-03-30,2025-03-16,Trainline
14:27,Madrid,15:51,Zaragoza,84,84,66.95,AVE,2025-03-30,2025-03-16,Trainline
15:27,Madrid,16:51,Zaragoza,84,84,79,AVLO,2025-03-30,2025-03-16,Trainline
16:00,Madrid,20:39,Zaragoza,279,279,25.75,Alvia,2025-03-30,2025-03-16,Trainline
16:02,Madrid,17:26,Zaragoza,84,84,66.95,AVE,2025-03-30,2025-03-16,Trainline
16:27,Madrid,17:45,Zaragoza,78,78,74.4,AVE,2025-03-30,2025-03-16,Trainline
17:27,Madrid,18:51,Zaragoza,84,84,99,AVLO,2025-03-30,2025-03-16,Trainline
19:34,Madrid,21:02,Zaragoza,88,88,79,AVLO,2025-03-30,2025-03-16,Trainline
6:15,Madrid,8:48,Alicante,153,153,9,AVLO,2025-04-15,2025-03-16,Trainline
7:00,Madrid,9:35,Alicante,155,155,25.65,AVE,2025-04-15,2025-03-16,Trainline
9:00,Madrid,11:29,Alicante,149,149,25.65,AVE,2025-04-15,2025-03-16,Trainline
9:45,Madrid,12:10,Alicante,145,145,21.4,AVE,2025-04-15,2025-03-16,Trainline
10:15,Madrid,12:37,Alicante,142,142,22,Ouigo,2025-04-15,2025-03-16,Trainline
11:00,Madrid,13:30,Alicante,150,150,34.2,AVE,2025-04-15,2025-03-16,Trainline
11:45,Madrid,14:43,Alicante,178,178,27.1,Alvia,2025-04-15,2025-03-16,Trainline
14:00,Madrid,16:28,Alicante,148,148,21.4,AVE,2025-04-15,2025-03-16,Trainline
14:15,Madrid,16:44,Alicante,149,149,19,Ouigo,2025-04-15,2025-03-16,Trainline
14:25,Madrid,16:52,Alicante,147,147,42.75,AVE,2025-04-15,2025-03-16,Trainline
15:00,Madrid,17:17,Alicante,137,137,25.65,AVE,2025-04-15,2025-03-16,Trainline
16:00,Madrid,18:34,Alicante,154,154,25.65,AVE,2025-04-15,2025-03-16,Trainline
17:00,Madrid,19:34,Alicante,154,154,25,AVLO,2025-04-15,2025-03-16,Trainline
18:00,Madrid,20:24,Alicante,144,144,25.65,AVE,2025-04-15,2025-03-16,Trainline
6:22,Madrid,8:59,Barcelona,157,157,30.28,Iryo,2025-04-15,2025-03-16,Trainline
6:27,Madrid,9:25,Barcelona,178,178,25,AVLO,2025-04-15,2025-03-16,Trainline
7:02,Madrid,9:54,Barcelona,172,172,35,Ouigo,2025-04-15,2025-03-16,Trainline
7:22,Madrid,9:59,Barcelona,157,157,36.3,Iryo,2025-04-15,2025-03-16,Trainline
7:27,Madrid,10:46,Barcelona,199,199,34.45,AVE,2025-04-15,2025-03-16,Trainline
8:27,Madrid,11:19,Barcelona,172,172,57.45,AVE,2025-04-15,2025-03-16,Trainline
8:32,Madrid,11:09,Barcelona,157,157,50.22,Iryo,2025-04-15,2025-03-16,Trainline
8:57,Madrid,11:41,Barcelona,164,164,67.8,AVE,2025-04-15,2025-03-16,Trainline
9:22,Madrid,12:14,Barcelona,172,172,47.29,Iryo,2025-04-15,2025-03-16,Trainline
9:57,Madrid,12:49,Barcelona,172,172,48.99,Iryo,2025-04-15,2025-03-16,Trainline
10:02,Madrid,13:04,Barcelona,182,182,55,Ouigo,2025-04-15,2025-03-16,Trainline
10:27,Madrid,13:19,Barcelona,172,172,45,AVLO,2025-04-15,2025-03-16,Trainline
11:22,Madrid,14:14,Barcelona,172,172,43.79,Iryo,2025-04-15,2025-03-16,Trainline
11:27,Madrid,14:46,Barcelona,199,199,45.95,AVE,2025-04-15,2025-03-16,Trainline
12:22,Madrid,15:14,Barcelona,172,172,43.06,Iryo,2025-04-15,2025-03-16,Trainline
12:57,Madrid,15:34,Barcelona,157,157,54.25,AVE,2025-04-15,2025-03-16,Trainline
13:18,Madrid,16:22,Barcelona,184,184,45.95,Alvia,2025-04-15,2025-03-16,Trainline
14:02,Madrid,16:54,Barcelona,172,172,42.62,Iryo,2025-04-15,2025-03-16,Trainline
14:12,Madrid,16:49,Barcelona,157,157,45,Ouigo,2025-04-15,2025-03-16,Trainline
14:42,Madrid,17:41,Barcelona,179,179,42.16,Iryo,2025-04-15,2025-03-16,Trainline
15:27,Madrid,18:46,Barcelona,199,199,45,AVLO,2025-04-15,2025-03-16,Trainline
15:57,Madrid,18:34,Barcelona,157,157,54.25,AVE,2025-04-15,2025-03-16,Trainline
16:27,Madrid,19:19,Barcelona,172,172,68.95,AVE,2025-04-15,2025-03-16,Trainline
16:37,Madrid,19:14,Barcelona,157,157,53.27,Iryo,2025-04-15,2025-03-16,Trainline
17:17,Madrid,19:54,Barcelona,157,157,49,Ouigo,2025-04-15,2025-03-16,Trainline
17:22,Madrid,20:14,Barcelona,172,172,43.72,Iryo,2025-04-15,2025-03-16,Trainline
17:27,Madrid,20:46,Barcelona,199,199,45,AVLO,2025-04-15,2025-03-16,Trainline
18:32,Madrid,21:09,Barcelona,157,157,45.63,Iryo,2025-04-15,2025-03-16,Trainline
6:27,Madrid,7:52,Zaragoza,85,85,59,AVLO,2025-04-15,2025-03-16,Trainline
7:02,Madrid,8:20,Zaragoza,78,78,22,Ouigo,2025-04-15,2025-03-16,Trainline
7:27,Madrid,8:51,Zaragoza,84,84,26.05,AVE,2025-04-15,2025-03-16,Trainline
8:27,Madrid,9:45,Zaragoza,78,78,44.65,AVE,2025-04-15,2025-03-16,Trainline
9:22,Madrid,10:40,Zaragoza,78,78,47.67,Iryo,2025-04-15,2025-03-16,Trainline
9:27,Madrid,10:46,Zaragoza,79,79,44.65,AVE,2025-04-15,2025-03-16,Trainline
10:02,Madrid,11:22,Zaragoza,80,80,29,Ouigo,2025-04-15,2025-03-16,Trainline
11:22,Madrid,12:40,Zaragoza,78,78,42.52,Iryo,2025-04-15,2025-03-16,Trainline
11:27,Madrid,12:51,Zaragoza,84,84,37.2,AVE,2025-04-15,2025-03-16,Trainline
12:22,Madrid,13:40,Zaragoza,78,78,43.37,Iryo,2025-04-15,2025-03-16,Trainline
12:27,Madrid,13:45,Zaragoza,78,78,37.2,AVE,2025-04-15,2025-03-16,Trainline
13:18,Madrid,14:43,Zaragoza,85,85,29.75,Alvia,2025-04-15,2025-03-16,Trainline
14:02,Madrid,15:22,Zaragoza,80,80,24.14,Iryo,2025-04-15,2025-03-16,Trainline
14:27,Madrid,15:51,Zaragoza,84,84,59.5,AVE,2025-04-15,2025-03-16,Trainline
14:42,Madrid,16:02,Zaragoza,80,80,43.15,Iryo,2025-04-15,2025-03-16,Trainline
15:27,Madrid,16:51,Zaragoza,84,84,59,AVLO,2025-04-15,2025-03-16,Trainline
16:27,Madrid,17:45,Zaragoza,78,78,52.1,AVE,2025-04-15,2025-03-16,Trainline
17:22,Madrid,18:40,Zaragoza,78,78,43.08,Iryo,2025-04-15,2025-03-16,Trainline
17:27,Madrid,18:51,Zaragoza,84,84,59,AVLO,2025-04-15,2025-03-16,Trainline
18:27,Madrid,19:45,Zaragoza,78,78,44.65,AVE,2025-04-15,2025-03-16,Trainline
18:50,Madrid,20:30,Zaragoza,100,100,44.65,AVE,2025-04-15,2025-03-16,Trainline
19:29,Madrid,20:47,Zaragoza,78,78,46.24,Iryo,2025-04-15,2025-03-16,Trainline
19:34,Madrid,21:02,Zaragoza,88,88,45,AVLO,2025-04-15,2025-03-16,Trainline
20:22,Madrid,21:41,Zaragoza,79,79,40.55,Iryo,2025-04-15,2025-03-16,Trainline
20:27,Madrid,21:57,Zaragoza,90,90,29.75,AVE,2025-04-15,2025-03-16,Trainline
21:02,Madrid,22:21,Zaragoza,79,79,29,Ouigo,2025-04-15,2025-03-16,Trainline
6:15,Madrid,8:48,Alicante,153,153,15,AVLO,2025-03-18,2025-03-17,Trainline
7:00,Madrid,9:35,Alicante,155,155,34.2,AVE,2025-03-18,2025-03-17,Trainline
9:00,Madrid,11:29,Alicante,149,149,51.3,AVE,2025-03-18,2025-03-17,Trainline
10:15,Madrid,12:37,Alicante,142,142,15,Ouigo,2025-03-18,2025-03-17,Trainline
11:00,Madrid,13:30,Alicante,150,150,51.3,AVE,2025-03-18,2025-03-17,Trainline
11:45,Madrid,14:43,Alicante,178,178,27.1,Alvia,2025-03-18,2025-03-17,Trainline
14:00,Madrid,16:28,Alicante,148,148,25.65,AVE,2025-03-18,2025-03-17,Trainline
14:15,Madrid,16:44,Alicante,149,149,17,Ouigo,2025-03-18,2025-03-17,Trainline
16:00,Madrid,18:34,Alicante,154,154,34.2,AVE,2025-03-18,2025-03-17,Trainline
17:00,Madrid,19:34,Alicante,154,154,29,AVLO,2025-03-18,2025-03-17,Trainline
18:00,Madrid,20:24,Alicante,144,144,34.2,AVE,2025-03-18,2025-03-17,Trainline
19:00,Madrid,21:28,Alicante,148,148,34.2,AVE,2025-03-18,2025-03-17,Trainline
20:00,Madrid,22:56,Alicante,176,176,35.05,Alvia,2025-03-18,2025-03-17,Trainline
20:15,Madrid,22:39,Alicante,144,144,22,Ouigo,2025-03-18,2025-03-17,Trainline
6:15,Madrid,8:45,Barcelona,150,150,25,AVLO,2025-03-18,2025-03-17,Trainline
6:40,Madrid,9:10,Barcelona,150,150,30.16,Iryo,2025-03-18,2025-03-17,Trainline
7:00,Madrid,9:30,Barcelona,150,150,33.9,AVE,2025-03-18,2025-03-17,Trainline
7:05,Madrid,9:50,Barcelona,165,165,29,Ouigo,2025-03-18,2025-03-17,Trainline
7:25,Madrid,9:55,Barcelona,150,150,33.26,Iryo,2025-03-18,2025-03-17,Trainline
7:29,Madrid,16:37,Barcelona,548,548,43.25,Alvia,2025-03-18,2025-03-17,Trainline
8:00,Madrid,10:30,Barcelona,150,150,47.45,AVE,2025-03-18,2025-03-17,Trainline
8:30,Madrid,11:15,Barcelona,165,165,34.45,AVE,2025-03-18,2025-03-17,Trainline
8:35,Madrid,11:05,Barcelona,150,150,33.83,Iryo,2025-03-18,2025-03-17,Trainline
9:00,Madrid,11:37,Barcelona,157,157,81.35,AVE,2025-03-18,2025-03-17,Trainline
9:15,Madrid,12:00,Barcelona,165,165,29.73,Iryo,2025-03-18,2025-03-17,Trainline
9:30,Madrid,12:37,Barcelona,187,187,34.45,AVE,2025-03-18,2025-03-17,Trainline
10:00,Madrid,12:45,Barcelona,165,165,29.53,Iryo,2025-03-18,2025-03-17,Trainline
10:05,Madrid,13:00,Barcelona,175,175,29,Ouigo,2025-03-18,2025-03-17,Trainline
10:30,Madrid,13:15,Barcelona,165,165,35,AVLO,2025-03-18,2025-03-17,Trainline
11:25,Madrid,14:10,Barcelona,165,165,30.98,Iryo,2025-03-18,2025-03-17,Trainline
11:30,Madrid,14:42,Barcelona,192,192,28.75,AVE,2025-03-18,2025-03-17,Trainline
12:25,Madrid,15:10,Barcelona,165,165,29.56,Iryo,2025-03-18,2025-03-17,Trainline
12:30,Madrid,15:40,Barcelona,190,190,28.75,AVE,2025-03-18,2025-03-17,Trainline
13:00,Madrid,15:30,Barcelona,150,150,40.7,AVE,2025-03-18,2025-03-17,Trainline
13:25,Madrid,16:22,Barcelona,177,177,57.45,Alvia,2025-03-18,2025-03-17,Trainline
14:05,Madrid,16:50,Barcelona,165,165,26.2,Iryo,2025-03-18,2025-03-17,Trainline
14:15,Madrid,16:45,Barcelona,150,150,25,Ouigo,2025-03-18,2025-03-17,Trainline
14:30,Madrid,17:20,Barcelona,170,170,34.45,AVE,2025-03-18,2025-03-17,Trainline
14:45,Madrid,17:37,Barcelona,172,172,35.28,Iryo,2025-03-18,2025-03-17,Trainline
15:30,Madrid,18:42,Barcelona,192,192,39,AVLO,2025-03-18,2025-03-17,Trainline
16:00,Madrid,18:30,Barcelona,150,150,47.45,AVE,2025-03-18,2025-03-17,Trainline
16:30,Madrid,19:15,Barcelona,165,165,114.9,AVE,2025-03-18,2025-03-17,Trainline
16:40,Madrid,19:10,Barcelona,150,150,41.93,Iryo,2025-03-18,2025-03-17,Trainline
17:00,Madrid,19:30,Barcelona,150,150,54.25,AVE,2025-03-18,2025-03-17,Trainline
17:20,Madrid,19:50,Barcelona,150,150,29,Ouigo,2025-03-18,2025-03-17,Trainline
17:25,Madrid,20:10,Barcelona,165,165,39.45,Iryo,2025-03-18,2025-03-17,Trainline
17:30,Madrid,20:42,Barcelona,192,192,57.45,AVE,2025-03-18,2025-03-17,Trainline
18:00,Madrid,20:30,Barcelona,150,150,54.25,AVE,2025-03-18,2025-03-17,Trainline
18:30,Madrid,21:20,Barcelona,170,170,57.45,AVE,2025-03-18,2025-03-17,Trainline
6:30,Madrid,7:52,Zaragoza,82,82,22.3,AVE,2025-03-18,2025-03-17,Trainline
7:05,Madrid,8:20,Zaragoza,75,75,22,Ouigo,2025-03-18,2025-03-17,Trainline
7:29,Madrid,11:19,Zaragoza,230,230,29.55,Alvia,2025-03-18,2025-03-17,Trainline
8:30,Madrid,9:45,Zaragoza,75,75,29.75,AVE,2025-03-18,2025-03-17,Trainline
9:15,Madrid,10:30,Zaragoza,75,75,29.78,Iryo,2025-03-18,2025-03-17,Trainline
9:30,Madrid,10:46,Zaragoza,76,76,26.05,AVE,2025-03-18,2025-03-17,Trainline
10:00,Madrid,11:17,Zaragoza,77,77,29.9,Iryo,2025-03-18,2025-03-17,Trainline
10:05,Madrid,11:22,Zaragoza,77,77,25,Ouigo,2025-03-18,2025-03-17,Trainline
10:30,Madrid,11:47,Zaragoza,77,77,29,AVLO,2025-03-18,2025-03-17,Trainline
11:25,Madrid,12:40,Zaragoza,75,75,29.69,Iryo,2025-03-18,2025-03-17,Trainline
11:30,Madrid,12:51,Zaragoza,81,81,22.3,AVE,2025-03-18,2025-03-17,Trainline
12:25,Madrid,13:40,Zaragoza,75,75,29.18,Iryo,2025-03-18,2025-03-17,Trainline
12:30,Madrid,13:45,Zaragoza,75,75,22.3,AVE,2025-03-18,2025-03-17,Trainline
13:25,Madrid,14:47,Zaragoza,82,82,52.1,Alvia,2025-03-18,2025-03-17,Trainline
14:05,Madrid,15:22,Zaragoza,77,77,26.15,Iryo,2025-03-18,2025-03-17,Trainline
14:30,Madrid,15:51,Zaragoza,81,81,26.05,AVE,2025-03-18,2025-03-17,Trainline
14:45,Madrid,16:02,Zaragoza,77,77,34.29,Iryo,2025-03-18,2025-03-17,Trainline
15:30,Madrid,16:51,Zaragoza,81,81,59,AVLO,2025-03-18,2025-03-17,Trainline
16:00,Madrid,20:39,Zaragoza,279,279,25.75,Alvia,2025-03-18,2025-03-17,Trainline
16:30,Madrid,17:45,Zaragoza,75,75,37.2,AVE,2025-03-18,2025-03-17,Trainline
17:25,Madrid,18:40,Zaragoza,75,75,39.38,Iryo,2025-03-18,2025-03-17,Trainline
17:30,Madrid,18:51,Zaragoza,81,81,44.65,AVE,2025-03-18,2025-03-17,Trainline
18:30,Madrid,19:45,Zaragoza,75,75,44.65,AVE,2025-03-18,2025-03-17,Trainline
18:53,Madrid,20:30,Zaragoza,97,97,44.65,AVE,2025-03-18,2025-03-17,Trainline
19:25,Madrid,20:40,Zaragoza,75,75,39.11,Iryo,2025-03-18,2025-03-17,Trainline
19:30,Madrid,20:55,Zaragoza,85,85,55,AVLO,2025-03-18,2025-03-17,Trainline
20:25,Madrid,21:41,Zaragoza,76,76,27.66,Iryo,2025-03-18,2025-03-17,Trainline
20:30,Madrid,21:57,Zaragoza,87,87,26.05,AVE,2025-03-18,2025-03-17,Trainline
6:15,Madrid,8:48,Alicante,153,153,19,AVLO,2025-03-24,2025-03-17,Trainline
9:00,Madrid,11:29,Alicante,149,149,34.2,AVE,2025-03-24,2025-03-17,Trainline
9:45,Madrid,12:10,Alicante,145,145,21.4,AVE,2025-03-24,2025-03-17,Trainline
10:15,Madrid,12:37,Alicante,142,142,17,Ouigo,2025-03-24,2025-03-17,Trainline
11:00,Madrid,13:30,Alicante,150,150,42.75,AVE,2025-03-24,2025-03-17,Trainline
11:45,Madrid,14:43,Alicante,178,178,27.1,Alvia,2025-03-24,2025-03-17,Trainline
14:00,Madrid,16:28,Alicante,148,148,21.4,AVE,2025-03-24,2025-03-17,Trainline
14:15,Madrid,16:44,Alicante,149,149,17,Ouigo,2025-03-24,2025-03-17,Trainline
14:25,Madrid,16:52,Alicante,147,147,59.85,AVE,2025-03-24,2025-03-17,Trainline
17:00,Madrid,19:34,Alicante,154,154,29,AVLO,2025-03-24,2025-03-17,Trainline
18:00,Madrid,20:24,Alicante,144,144,25.65,AVE,2025-03-24,2025-03-17,Trainline
19:00,Madrid,21:28,Alicante,148,148,25.65,AVE,2025-03-24,2025-03-17,Trainline
20:00,Madrid,22:56,Alicante,176,176,28.05,Alvia,2025-03-24,2025-03-17,Trainline
20:15,Madrid,22:39,Alicante,144,144,17,Ouigo,2025-03-24,2025-03-17,Trainline
6:15,Madrid,8:45,Barcelona,150,150,39,AVLO,2025-03-24,2025-03-17,Trainline
6:40,Madrid,9:10,Barcelona,150,150,43.95,Iryo,2025-03-24,2025-03-17,Trainline
7:00,Madrid,9:30,Barcelona,150,150,40.7,AVE,2025-03-24,2025-03-17,Trainline
7:05,Madrid,9:50,Barcelona,165,165,39,Ouigo,2025-03-24,2025-03-17,Trainline
7:25,Madrid,9:55,Barcelona,150,150,49.21,Iryo,2025-03-24,2025-03-17,Trainline
7:29,Madrid,16:37,Barcelona,548,548,43.25,Alvia,2025-03-24,2025-03-17,Trainline
8:35,Madrid,11:05,Barcelona,150,150,58.59,Iryo,2025-03-24,2025-03-17,Trainline
9:00,Madrid,11:37,Barcelona,157,157,67.8,AVE,2025-03-24,2025-03-17,Trainline
9:15,Madrid,12:00,Barcelona,165,165,39.44,Iryo,2025-03-24,2025-03-17,Trainline
9:30,Madrid,12:37,Barcelona,187,187,40.2,AVE,2025-03-24,2025-03-17,Trainline
10:00,Madrid,12:45,Barcelona,165,165,48.02,Iryo,2025-03-24,2025-03-17,Trainline
10:05,Madrid,13:00,Barcelona,175,175,39,Ouigo,2025-03-24,2025-03-17,Trainline
10:30,Madrid,13:15,Barcelona,165,165,39,AVLO,2025-03-24,2025-03-17,Trainline
11:25,Madrid,14:10,Barcelona,165,165,41.65,Iryo,2025-03-24,2025-03-17,Trainline
12:25,Madrid,15:10,Barcelona,165,165,43.55,Iryo,2025-03-24,2025-03-17,Trainline
13:00,Madrid,15:30,Barcelona,150,150,47.45,AVE,2025-03-24,2025-03-17,Trainline
13:25,Madrid,16:22,Barcelona,177,177,45.95,Alvia,2025-03-24,2025-03-17,Trainline
14:05,Madrid,16:50,Barcelona,165,165,37.88,Iryo,2025-03-24,2025-03-17,Trainline
14:15,Madrid,16:45,Barcelona,150,150,35,Ouigo,2025-03-24,2025-03-17,Trainline
14:45,Madrid,17:37,Barcelona,172,172,41.81,Iryo,2025-03-24,2025-03-17,Trainline
15:30,Madrid,18:42,Barcelona,192,192,35,AVLO,2025-03-24,2025-03-17,Trainline
16:00,Madrid,18:30,Barcelona,150,150,47.45,AVE,2025-03-24,2025-03-17,Trainline
16:30,Madrid,19:15,Barcelona,165,165,57.45,AVE,2025-03-24,2025-03-17,Trainline
16:40,Madrid,19:10,Barcelona,150,150,44.63,Iryo,2025-03-24,2025-03-17,Trainline
17:20,Madrid,19:50,Barcelona,150,150,33,Ouigo,2025-03-24,2025-03-17,Trainline
17:25,Madrid,20:10,Barcelona,165,165,41.79,Iryo,2025-03-24,2025-03-17,Trainline
18:00,Madrid,20:30,Barcelona,150,150,40.7,AVE,2025-03-24,2025-03-17,Trainline
6:30,Madrid,7:52,Zaragoza,82,82,52.1,AVE,2025-03-24,2025-03-17,Trainline
7:05,Madrid,8:20,Zaragoza,75,75,35,Ouigo,2025-03-24,2025-03-17,Trainline
7:29,Madrid,11:19,Zaragoza,230,230,29.55,Alvia,2025-03-24,2025-03-17,Trainline
7:30,Madrid,8:51,Zaragoza,81,81,59.5,AVE,2025-03-24,2025-03-17,Trainline
9:15,Madrid,10:30,Zaragoza,75,75,39.34,Iryo,2025-03-24,2025-03-17,Trainline
9:30,Madrid,10:46,Zaragoza,76,76,29.75,AVE,2025-03-24,2025-03-17,Trainline
10:00,Madrid,11:17,Zaragoza,77,77,43.97,Iryo,2025-03-24,2025-03-17,Trainline
10:05,Madrid,11:22,Zaragoza,77,77,25,Ouigo,2025-03-24,2025-03-17,Trainline
10:30,Madrid,11:47,Zaragoza,77,77,59,AVLO,2025-03-24,2025-03-17,Trainline
11:25,Madrid,12:40,Zaragoza,75,75,41.01,Iryo,2025-03-24,2025-03-17,Trainline
12:25,Madrid,13:40,Zaragoza,75,75,42.33,Iryo,2025-03-24,2025-03-17,Trainline
12:30,Madrid,13:45,Zaragoza,75,75,37.2,AVE,2025-03-24,2025-03-17,Trainline
13:25,Madrid,14:47,Zaragoza,82,82,52.1,Alvia,2025-03-24,2025-03-17,Trainline
14:05,Madrid,15:22,Zaragoza,77,77,38.2,Iryo,2025-03-24,2025-03-17,Trainline
14:30,Madrid,15:51,Zaragoza,81,81,44.65,AVE,2025-03-24,2025-03-17,Trainline
14:45,Madrid,16:02,Zaragoza,77,77,41.37,Iryo,2025-03-24,2025-03-17,Trainline
15:30,Madrid,16:51,Zaragoza,81,81,59,AVLO,2025-03-24,2025-03-17,Trainline
16:00,Madrid,20:39,Zaragoza,279,279,25.75,Alvia,2025-03-24,2025-03-17,Trainline
16:30,Madrid,17:45,Zaragoza,75,75,44.65,AVE,2025-03-24,2025-03-17,Trainline
17:25,Madrid,18:40,Zaragoza,75,75,41.46,Iryo,2025-03-24,2025-03-17,Trainline
17:30,Madrid,18:51,Zaragoza,81,81,52.1,AVE,2025-03-24,2025-03-17,Trainline
19:25,Madrid,20:40,Zaragoza,75,75,18.79,Iryo,2025-03-24,2025-03-17,Trainline
19:30,Madrid,20:55,Zaragoza,85,85,35,AVLO,2025-03-24,2025-03-17,Trainline
20:25,Madrid,21:41,Zaragoza,76,76,32.41,Iryo,2025-03-24,2025-03-17,Trainline
20:30,Madrid,21:57,Zaragoza,87,87,22.3,AVE,2025-03-24,2025-03-17,Trainline
6:15,Madrid,8:48,Alicante,153,153,15,AVLO,2025-03-31,2025-03-17,Trainline
7:00,Madrid,9:35,Alicante,155,155,21.4,AVE,2025-03-31,2025-03-17,Trainline
9:00,Madrid,11:29,Alicante,149,149,25.65,AVE,2025-03-31,2025-03-17,Trainline
9:45,Madrid,12:10,Alicante,145,145,17.1,AVE,2025-03-31,2025-03-17,Trainline
10:15,Madrid,12:37,Alicante,142,142,15,Ouigo,2025-03-31,2025-03-17,Trainline
11:00,Madrid,13:30,Alicante,150,150,34.2,AVE,2025-03-31,2025-03-17,Trainline
11:45,Madrid,14:43,Alicante,178,178,20.35,Alvia,2025-03-31,2025-03-17,Trainline
14:00,Madrid,16:28,Alicante,148,148,21.4,AVE,2025-03-31,2025-03-17,Trainline
14:15,Madrid,16:44,Alicante,149,149,22,Ouigo,2025-03-31,2025-03-17,Trainline
14:25,Madrid,16:52,Alicante,147,147,59.85,AVE,2025-03-31,2025-03-17,Trainline
15:00,Madrid,17:17,Alicante,137,137,25.65,AVE,2025-03-31,2025-03-17,Trainline
16:00,Madrid,18:34,Alicante,154,154,25.65,AVE,2025-03-31,2025-03-17,Trainline
17:00,Madrid,19:34,Alicante,154,154,25,AVLO,2025-03-31,2025-03-17,Trainline
18:00,Madrid,20:24,Alicante,144,144,25.65,AVE,2025-03-31,2025-03-17,Trainline
19:00,Madrid,21:28,Alicante,148,148,25.65,AVE,2025-03-31,2025-03-17,Trainline
20:00,Madrid,22:56,Alicante,176,176,21.05,Alvia,2025-03-31,2025-03-17,Trainline
20:15,Madrid,22:39,Alicante,144,144,15,Ouigo,2025-03-31,2025-03-17,Trainline
6:12,Madrid,8:49,Barcelona,157,157,25,AVLO,2025-03-31,2025-03-17,Trainline
6:22,Madrid,8:59,Barcelona,157,157,42.15,Iryo,2025-03-31,2025-03-17,Trainline
6:57,Madrid,9:34,Barcelona,157,157,47.45,AVE,2025-03-31,2025-03-17,Trainline
7:02,Madrid,9:54,Barcelona,172,172,39,Ouigo,2025-03-31,2025-03-17,Trainline
7:22,Madrid,9:59,Barcelona,157,157,43.93,Iryo,2025-03-31,2025-03-17,Trainline
7:29,Madrid,16:37,Barcelona,548,548,43.25,Alvia,2025-03-31,2025-03-17,Trainline
7:57,Madrid,10:34,Barcelona,157,157,47.45,AVE,2025-03-31,2025-03-17,Trainline
8:27,Madrid,11:19,Barcelona,172,172,57.45,AVE,2025-03-31,2025-03-17,Trainline
8:32,Madrid,11:09,Barcelona,157,157,42.81,Iryo,2025-03-31,2025-03-17,Trainline
8:57,Madrid,11:41,Barcelona,164,164,47.45,AVE,2025-03-31,2025-03-17,Trainline
9:22,Madrid,12:14,Barcelona,172,172,44.73,Iryo,2025-03-31,2025-03-17,Trainline
9:57,Madrid,12:49,Barcelona,172,172,41.17,Iryo,2025-03-31,2025-03-17,Trainline
10:02,Madrid,13:04,Barcelona,182,182,35,Ouigo,2025-03-31,2025-03-17,Trainline
10:27,Madrid,13:19,Barcelona,172,172,45,AVLO,2025-03-31,2025-03-17,Trainline
11:22,Madrid,14:14,Barcelona,172,172,41.1,Iryo,2025-03-31,2025-03-17,Trainline
12:22,Madrid,15:14,Barcelona,172,172,43.94,Iryo,2025-03-31,2025-03-17,Trainline
12:57,Madrid,15:34,Barcelona,157,157,47.45,AVE,2025-03-31,2025-03-17,Trainline
13:18,Madrid,16:22,Barcelona,184,184,45.95,Alvia,2025-03-31,2025-03-17,Trainline
14:02,Madrid,16:54,Barcelona,172,172,41.82,Iryo,2025-03-31,2025-03-17,Trainline
14:12,Madrid,16:49,Barcelona,157,157,39,Ouigo,2025-03-31,2025-03-17,Trainline
14:42,Madrid,17:41,Barcelona,179,179,41.28,Iryo,2025-03-31,2025-03-17,Trainline
14:57,Madrid,17:34,Barcelona,157,157,47.45,AVE,2025-03-31,2025-03-17,Trainline
15:27,Madrid,18:46,Barcelona,199,199,35,AVLO,2025-03-31,2025-03-17,Trainline
15:57,Madrid,18:34,Barcelona,157,157,47.45,AVE,2025-03-31,2025-03-17,Trainline
16:27,Madrid,19:19,Barcelona,172,172,45.95,AVE,2025-03-31,2025-03-17,Trainline
16:37,Madrid,19:14,Barcelona,157,157,39.21,Iryo,2025-03-31,2025-03-17,Trainline
16:57,Madrid,19:34,Barcelona,157,157,40.7,AVE,2025-03-31,2025-03-17,Trainline
17:17,Madrid,19:54,Barcelona,157,157,33,Ouigo,2025-03-31,2025-03-17,Trainline
17:22,Madrid,20:14,Barcelona,172,172,38.59,Iryo,2025-03-31,2025-03-17,Trainline
17:57,Madrid,20:34,Barcelona,157,157,40.7,AVE,2025-03-31,2025-03-17,Trainline
6:27,Madrid,7:52,Zaragoza,85,85,44.65,AVE,2025-03-31,2025-03-17,Trainline
7:02,Madrid,8:20,Zaragoza,78,78,25,Ouigo,2025-03-31,2025-03-17,Trainline
7:27,Madrid,8:51,Zaragoza,84,84,52.1,AVE,2025-03-31,2025-03-17,Trainline
7:29,Madrid,11:19,Zaragoza,230,230,29.55,Alvia,2025-03-31,2025-03-17,Trainline
8:27,Madrid,9:45,Zaragoza,78,78,44.65,AVE,2025-03-31,2025-03-17,Trainline
9:22,Madrid,10:40,Zaragoza,78,78,44.99,Iryo,2025-03-31,2025-03-17,Trainline
9:27,Madrid,10:46,Zaragoza,79,79,52.1,AVE,2025-03-31,2025-03-17,Trainline
9:57,Madrid,11:17,Zaragoza,80,80,40.92,Iryo,2025-03-31,2025-03-17,Trainline
10:02,Madrid,11:22,Zaragoza,80,80,25,Ouigo,2025-03-31,2025-03-17,Trainline
11:22,Madrid,12:40,Zaragoza,78,78,40.97,Iryo,2025-03-31,2025-03-17,Trainline
11:27,Madrid,12:51,Zaragoza,84,84,29.75,AVE,2025-03-31,2025-03-17,Trainline
12:22,Madrid,13:40,Zaragoza,78,78,43.94,Iryo,2025-03-31,2025-03-17,Trainline
12:27,Madrid,13:45,Zaragoza,78,78,44.65,AVE,2025-03-31,2025-03-17,Trainline
13:18,Madrid,14:43,Zaragoza,85,85,29.75,Alvia,2025-03-31,2025-03-17,Trainline
14:02,Madrid,15:22,Zaragoza,80,80,19.43,Iryo,2025-03-31,2025-03-17,Trainline
14:42,Madrid,16:02,Zaragoza,80,80,41.98,Iryo,2025-03-31,2025-03-17,Trainline
15:27,Madrid,16:51,Zaragoza,84,84,59,AVLO,2025-03-31,2025-03-17,Trainline
16:00,Madrid,20:39,Zaragoza,279,279,25.75,Alvia,2025-03-31,2025-03-17,Trainline
16:27,Madrid,17:45,Zaragoza,78,78,37.2,AVE,2025-03-31,2025-03-17,Trainline
17:22,Madrid,18:40,Zaragoza,78,78,39.44,Iryo,2025-03-31,2025-03-17,Trainline
17:27,Madrid,18:51,Zaragoza,84,84,44.65,AVE,2025-03-31,2025-03-17,Trainline
18:27,Madrid,19:45,Zaragoza,78,78,44.65,AVE,2025-03-31,2025-03-17,Trainline
18:50,Madrid,20:30,Zaragoza,100,100,52.1,AVE,2025-03-31,2025-03-17,Trainline
19:29,Madrid,20:47,Zaragoza,78,78,46.86,Iryo,2025-03-31,2025-03-17,Trainline
19:34,Madrid,21:02,Zaragoza,88,88,35,AVLO,2025-03-31,2025-03-17,Trainline
20:22,Madrid,21:41,Zaragoza,79,79,30.61,Iryo,2025-03-31,2025-03-17,Trainline
20:27,Madrid,21:57,Zaragoza,90,90,22.3,AVE,2025-03-31,2025-03-17,Trainline
6:15,Madrid,8:48,Alicante,153,153,15,AVLO,2025-04-16,2025-03-17,Trainline
7:00,Madrid,9:35,Alicante,155,155,42.75,AVE,2025-04-16,2025-03-17,Trainline
9:00,Madrid,11:29,Alicante,149,149,42.75,AVE,2025-04-16,2025-03-17,Trainline
9:45,Madrid,12:10,Alicante,145,145,34.2,AVE,2025-04-16,2025-03-17,Trainline
10:15,Madrid,12:37,Alicante,142,142,35,Ouigo,2025-04-16,2025-03-17,Trainline
11:00,Madrid,13:30,Alicante,150,150,51.3,AVE,2025-04-16,2025-03-17,Trainline
14:00,Madrid,16:28,Alicante,148,148,42.75,AVE,2025-04-16,2025-03-17,Trainline
14:15,Madrid,16:44,Alicante,149,149,39,Ouigo,2025-04-16,2025-03-17,Trainline
14:25,Madrid,16:52,Alicante,147,147,59.85,AVE,2025-04-16,2025-03-17,Trainline
15:00,Madrid,17:17,Alicante,137,137,42.75,AVE,2025-04-16,2025-03-17,Trainline
16:00,Madrid,18:34,Alicante,154,154,42.75,AVE,2025-04-16,2025-03-17,Trainline
17:00,Madrid,19:34,Alicante,154,154,55,AVLO,2025-04-16,2025-03-17,Trainline
18:00,Madrid,20:24,Alicante,144,144,51.3,AVE,2025-04-16,2025-03-17,Trainline
19:00,Madrid,21:28,Alicante,148,148,76.95,AVE,2025-04-16,2025-03-17,Trainline
19:45,Madrid,22:20,Alicante,155,155,51.3,AVE,2025-04-16,2025-03-17,Trainline
20:00,Madrid,22:56,Alicante,176,176,56.1,Alvia,2025-04-16,2025-03-17,Trainline
20:15,Madrid,22:39,Alicante,144,144,45,Ouigo,2025-04-16,2025-03-17,Trainline
6:22,Madrid,8:59,Barcelona,157,157,33.32,Iryo,2025-04-16,2025-03-17,Trainline
6:27,Madrid,9:25,Barcelona,178,178,29,AVLO,2025-04-16,2025-03-17,Trainline
7:22,Madrid,9:59,Barcelona,157,157,43.13,Iryo,2025-04-16,2025-03-17,Trainline
7:27,Madrid,10:46,Barcelona,199,199,40.2,AVE,2025-04-16,2025-03-17,Trainline
8:27,Madrid,11:19,Barcelona,172,172,80.45,AVE,2025-04-16,2025-03-17,Trainline
8:32,Madrid,11:09,Barcelona,157,157,57.41,Iryo,2025-04-16,2025-03-17,Trainline
8:57,Madrid,11:41,Barcelona,164,164,67.8,AVE,2025-04-16,2025-03-17,Trainline
9:22,Madrid,12:14,Barcelona,172,172,71.06,Iryo,2025-04-16,2025-03-17,Trainline
9:57,Madrid,12:49,Barcelona,172,172,67.59,Iryo,2025-04-16,2025-03-17,Trainline
10:02,Madrid,13:04,Barcelona,182,182,65,Ouigo,2025-04-16,2025-03-17,Trainline
10:27,Madrid,13:19,Barcelona,172,172,69,AVLO,2025-04-16,2025-03-17,Trainline
11:22,Madrid,14:14,Barcelona,172,172,71.58,Iryo,2025-04-16,2025-03-17,Trainline
11:27,Madrid,14:46,Barcelona,199,199,68.95,AVE,2025-04-16,2025-03-17,Trainline
12:22,Madrid,15:14,Barcelona,172,172,68.11,Iryo,2025-04-16,2025-03-17,Trainline
12:57,Madrid,15:34,Barcelona,157,157,81.35,AVE,2025-04-16,2025-03-17,Trainline
13:18,Madrid,16:22,Barcelona,184,184,80.45,Alvia,2025-04-16,2025-03-17,Trainline
14:02,Madrid,16:54,Barcelona,172,172,66.77,Iryo,2025-04-16,2025-03-17,Trainline
14:12,Madrid,16:49,Barcelona,157,157,69,Ouigo,2025-04-16,2025-03-17,Trainline
14:42,Madrid,17:41,Barcelona,179,179,59.19,Iryo,2025-04-16,2025-03-17,Trainline
15:27,Madrid,18:46,Barcelona,199,199,69,AVLO,2025-04-16,2025-03-17,Trainline
15:57,Madrid,18:34,Barcelona,157,157,94.9,AVE,2025-04-16,2025-03-17,Trainline
16:27,Madrid,19:19,Barcelona,172,172,91.9,AVE,2025-04-16,2025-03-17,Trainline
16:37,Madrid,19:14,Barcelona,157,157,78.5,Iryo,2025-04-16,2025-03-17,Trainline
16:57,Madrid,19:34,Barcelona,157,157,94.9,AVE,2025-04-16,2025-03-17,Trainline
17:17,Madrid,19:54,Barcelona,157,157,69,Ouigo,2025-04-16,2025-03-17,Trainline
17:22,Madrid,20:14,Barcelona,172,172,82.06,Iryo,2025-04-16,2025-03-17,Trainline
17:27,Madrid,20:46,Barcelona,199,199,79,AVLO,2025-04-16,2025-03-17,Trainline
6:27,Madrid,7:52,Zaragoza,85,85,59,AVLO,2025-04-16,2025-03-17,Trainline
7:02,Madrid,8:20,Zaragoza,78,78,29,Ouigo,2025-04-16,2025-03-17,Trainline
7:27,Madrid,8:51,Zaragoza,84,84,29.75,AVE,2025-04-16,2025-03-17,Trainline
8:27,Madrid,9:45,Zaragoza,78,78,59.5,AVE,2025-04-16,2025-03-17,Trainline
9:22,Madrid,10:40,Zaragoza,78,78,24.26,Iryo,2025-04-16,2025-03-17,Trainline
9:27,Madrid,10:46,Zaragoza,79,79,66.95,AVE,2025-04-16,2025-03-17,Trainline
9:57,Madrid,11:17,Zaragoza,80,80,31.68,Iryo,2025-04-16,2025-03-17,Trainline
10:02,Madrid,11:22,Zaragoza,80,80,33,Ouigo,2025-04-16,2025-03-17,Trainline
10:27,Madrid,11:47,Zaragoza,80,80,69,AVLO,2025-04-16,2025-03-17,Trainline
11:22,Madrid,12:40,Zaragoza,78,78,70.8,Iryo,2025-04-16,2025-03-17,Trainline
11:27,Madrid,12:51,Zaragoza,84,84,52.1,AVE,2025-04-16,2025-03-17,Trainline
12:22,Madrid,13:40,Zaragoza,78,78,67.64,Iryo,2025-04-16,2025-03-17,Trainline
12:27,Madrid,13:45,Zaragoza,78,78,59.5,AVE,2025-04-16,2025-03-17,Trainline
14:02,Madrid,15:22,Zaragoza,80,80,67.36,Iryo,2025-04-16,2025-03-17,Trainline
14:27,Madrid,15:51,Zaragoza,84,84,89.3,AVE,2025-04-16,2025-03-17,Trainline
14:42,Madrid,16:02,Zaragoza,80,80,59.16,Iryo,2025-04-16,2025-03-17,Trainline
15:27,Madrid,16:51,Zaragoza,84,84,69,AVLO,2025-04-16,2025-03-17,Trainline
16:27,Madrid,17:45,Zaragoza,78,78,29.75,AVE,2025-04-16,2025-03-17,Trainline
17:22,Madrid,18:40,Zaragoza,78,78,81.92,Iryo,2025-04-16,2025-03-17,Trainline
17:27,Madrid,18:51,Zaragoza,84,84,79,AVLO,2025-04-16,2025-03-17,Trainline
18:27,Madrid,19:45,Zaragoza,78,78,66.95,AVE,2025-04-16,2025-03-17,Trainline
18:50,Madrid,20:30,Zaragoza,100,100,59.5,AVE,2025-04-16,2025-03-17,Trainline
19:29,Madrid,20:47,Zaragoza,78,78,70.18,Iryo,2025-04-16,2025-03-17,Trainline
19:34,Madrid,21:02,Zaragoza,88,88,69,AVLO,2025-04-16,2025-03-17,Trainline
20:22,Madrid,21:41,Zaragoza,79,79,73.95,Iryo,2025-04-16,2025-03-17,Trainline
21:02,Madrid,22:21,Zaragoza,79,79,69,Ouigo,2025-04-16,2025-03-17,Trainline
21:07,Madrid,22:26,Zaragoza,79,79,74.4,AVE,2025-04-16,2025-03-17,Trainline
